,title,score,review
0,더 퍼스트 슬램덩크,10,"['더 퍼스트 슬램덩크', '보면서 계속 심장뛰는 영화', 10]"
1,더 퍼스트 슬램덩크,10,"['더 퍼스트 슬램덩크', '미친 영화….. 너무 감동 ㅎㅎ', 10]"
2,더 퍼스트 슬램덩크,10,"['더 퍼스트 슬램덩크', '관객들이 몰입할 준비를 하고 왔다는게 너무 놀랐어요. 솔솔솔 소리날 땐 숨도 안 쉬는 듯, 잘 봤다뿅, ㅋㅋ', 10]"
3,더 퍼스트 슬램덩크,10,"['더 퍼스트 슬램덩크', '그냥 미쳣음 피가 끓는영화', 10]"
4,더 퍼스트 슬램덩크,10,"['더 퍼스트 슬램덩크', '작화, OST 모두 뛰어남', 10]"
5,더 퍼스트 슬램덩크,10,"['더 퍼스트 슬램덩크', '내 마음에 깊은 파동의 슬램덩크', 10]"
6,더 퍼스트 슬램덩크,10,"['더 퍼스트 슬램덩크', '첨본다는게 믿기지 않네 ㅋㅋ', 10]"
7,더 퍼스트 슬램덩크,10,"['더 퍼스트 슬램덩크', '감동 포인트 마다 뭉글한 감동이 있었습니다.', 10]"
8,더 퍼스트 슬램덩크,10,"['더 퍼스트 슬램덩크', '넘 재밌음혼을 쏙 빼네요', 10]"
9,더 퍼스트 슬램덩크,10,"['더 퍼스트 슬램덩크', 'ㅠㅠ 진짜 말이 필요없는.. 숨죽이며 봤네요..', 10]"
10,더 퍼스트 슬램덩크,10,"['더 퍼스트 슬램덩크', '3D의 어색함 없이 원작의 감동을 그대로', 10]"
11,더 퍼스트 슬램덩크,10,"['더 퍼스트 슬램덩크', '영화관에서 4번 울었다...이 시대에 벌수있어서 감사합니다', 10]"
12,더 퍼스트 슬램덩크,10,"['더 퍼스트 슬램덩크', '눈물은 안나는데 뭉클하고 가슴뛰더라', 10]"
13,더 퍼스트 슬램덩크,10,"['더 퍼스트 슬램덩크', '이게 농놀이야.,.,.,..', 10]"
14,더 퍼스트 슬램덩크,10,"['더 퍼스트 슬램덩크', '마치 옛친구를 다시 만나 오랜만에 다시 생생하게 곱씹어보는 그때의 그 추억. 감동.', 9]"
15,더 퍼스트 슬램덩크,10,"['더 퍼스트 슬램덩크', '40대 중반 나이에 애니메이션 본다고 눈총받았지만 후회없는 선택이었다 ', 10]"
16,더 퍼스트 슬램덩크,10,"['더 퍼스트 슬램덩크', '훌륭하다 거의 완벽한 극장판', 10]"
17,더 퍼스트 슬램덩크,10,"['더 퍼스트 슬램덩크', '좀 지루하던데.. 나만 그런가?', 4]"
18,더 퍼스트 슬램덩크,10,"['더 퍼스트 슬램덩크', '진짜 몰입감 쩔고 감동도 쩔고 만화책으로 몇번이고 다시봤던 산왕전을 애니로 볼 수 있어서 너무 행복했습니다.', 10]"
19,더 퍼스트 슬램덩크,10,"['더 퍼스트 슬램덩크', '옛날에 서태웅 좋아할때 친구가 하도 모라 그래서 ㅋ 서태웅 좋아한다고 말도 못했는데...아마 완성형 인간형에 대한 질투ㅋ?였을까??성장하는 강백호가 좋치, 서태웅은 재섭다며ㅜㅠ 근데 대형화면에...늘 가늘다고 생각한 이미지의 서태웅이 연필로 그려지면서 어슬렁 어슬렁 걸어나오는데 헉 그때 떨어진 심장이 어느 영화관에 있는지...다시 주으러 (주섬주섬) 가야겠다 ', 10]"
20,더 퍼스트 슬램덩크,10,"['더 퍼스트 슬램덩크', '지렸다 지렸다 지렸다 지렸다 ', 10]"
21,더 퍼스트 슬램덩크,10,"['더 퍼스트 슬램덩크', '클래스는 영원하다 감동했음', 10]"
22,더 퍼스트 슬램덩크,10,"['더 퍼스트 슬램덩크', '언제적이야 ~ ㅋㅋㅋ~', 1]"
23,더 퍼스트 슬램덩크,10,"['더 퍼스트 슬램덩크', '불알이 요동칠정도로 웅장한 감동', 10]"
24,더 퍼스트 슬램덩크,10,"['더 퍼스트 슬램덩크', '&amp;#39;무슨 슬램덩크야 ㅡㅡ&amp;#39; 라고 심드렁해 하는 20대중반 예비신부랑 같이 보았음 보기 전부터 궁금했음 어떤 내용일까 어떤식으로 연출 했을까 등등. 만화책n독 하신분들 아시겠지만 산왕전 마지막 30초?! 정도 대사 없이 빠르게 진행 하는데 그것을 어떻게 연출했을까 아니나 다를까, 다크나이트에서 조커가 하비덴트 죽이려는 그 지하터널씬 만큼이나 흡입력이 끝내줬다. 중간중간 만화처럼 흑백으로 처리한 씬도 있었고, 모든 슬램덩크 팬들의 염원이었던 마지막 하이파이브씬을 동영상으로 보았을때의 희열이란... ', 10]"
25,더 퍼스트 슬램덩크,10,"['더 퍼스트 슬램덩크', '원작 만화에 대한 지식이 더 많았더라면 더 짜릿했을 것 같다', 7]"
26,더 퍼스트 슬램덩크,10,"['더 퍼스트 슬램덩크', '진짜 존나 개쩜 슬램덩크 내용 모르고 봐도 개꿀잼', 10]"
27,더 퍼스트 슬램덩크,10,"['더 퍼스트 슬램덩크', '퀄리티 좋은 버젼으로 보니 멋지네요... 만화책 안 보신 분들은 예습하시고 가시는 걸 추천...', 10]"
28,더 퍼스트 슬램덩크,10,"['더 퍼스트 슬램덩크', '혼자 영화보기 처음인데.. 캐릭터중 송태섭을 좋아하는데.. 송태섭이 주인공이라 더 좋았음.. 이제 모레면 50인데.. 감동이구나', 10]"
29,더 퍼스트 슬램덩크,10,"['더 퍼스트 슬램덩크', '별점도 높고 후기좋아서 엄청 기대하며 봤어요. 처음 슬램덩크 보는 사람들은 재밌게 봤을꺼같은데.. 저는 좀 실망했어요. 특히나 성우 바뀐부분에서 이건 아니다 싶었어요. 내가 아는 강백호는 이목소리가 아닌데.. 이런느낌이랄까요. 예전 슬램덩크로 다니 돌려내~~ ㅠㅠ ', 6]"
30,더 퍼스트 슬램덩크,10,"['더 퍼스트 슬램덩크', '망설이다 끄적여보는 슬램덩크 극장판 후기.중후반부터는 거의 눈에 땀에 고인 채로 관람. 다음 장면이, 다음 대사가 뭔지 아는데 나 두근두근 왜 이러니? 이노우에의 어마어마한 작화 능력을 따라오지 못했던 TV판은 거들떠 보지도 않아서 주제곡은 &amp;#39;뜨거운 코트를 가르며~&amp;#39; 까지 밖에 몰랐지만, 이제부터 나의 OST는 도내 남바완가도가 코트를 가를 때 터져나오던 Love Rocket으로 확정. 모션캡쳐와 3D로 구현된 경기 장면이 이렇게 작화에 충실하면서 이렇게 역동적일 수 있다니! 내 소중하고 뜨거웠던 추억이 30년만에 되살아나 생생하게 눈 앞에서 살아 움직이는 느낌. 전혀 변하지 않은, 오히려 더 좋은 모습으로. 만화의 원작자가 애니메이션의 감독이어야만 하는 절대적인 이유. 원작을 보지 않았다면 배경 스토리를 유튜브 등으로 보고 가길 추천. 후기를 망설인 이유는 다른 분들의 감동에 방해가 될까봐서였지만 이 영화가 더 잘 됐으면 하는 맘이 더 커서 그만', 10]"
31,더 퍼스트 슬램덩크,10,"['더 퍼스트 슬램덩크', '이정도로 3d를 자연스럽게 높은 퀄리티로 만들었으며 모르는 사람이 봐도 이해가 되는 스토리에 이영화는 봐야한다', 10]"
32,더 퍼스트 슬램덩크,10,"['더 퍼스트 슬램덩크', '굳', 10]"
33,더 퍼스트 슬램덩크,10,"['더 퍼스트 슬램덩크', '아 진짜 꼭 영화관에서 봐야함 안봤으면 평생 후회할뻔 너무 재밌음 하...너무 재밌어서 눈물남', 10]"
34,더 퍼스트 슬램덩크,10,"['더 퍼스트 슬램덩크', '청춘으로 회귀하는 그 시절 그 감성!!', 10]"
35,더 퍼스트 슬램덩크,10,"['더 퍼스트 슬램덩크', '확실히  바빌론보다 낫다!  애니메이션이 이런 감성자극에 ㅠㅜ  몰입감은 처음인듯! 진작 볼걸 ㅠㅜ', 10]"
36,더 퍼스트 슬램덩크,10,"['더 퍼스트 슬램덩크', '그냥 다시 볼 수 있다는 점에서 감동..', 10]"
37,더 퍼스트 슬램덩크,10,"['더 퍼스트 슬램덩크', '보는사람마저 숨죽이게 되는 정적... 연출 미쳤음.', 9]"
38,더 퍼스트 슬램덩크,10,"['더 퍼스트 슬램덩크', '영화가 시작돼면서 경기가 시작돼고, 2시간의 길고 긴 경기후 경기가 끝나면서 영화가 끝난다.', 1]"
39,더 퍼스트 슬램덩크,10,"['더 퍼스트 슬램덩크', '정말 오랜만에 가슴 울리는 영화였습니다. 오래된 만화책도 다시 꺼내게 만드네요.', 10]"
40,더 퍼스트 슬램덩크,10,"['더 퍼스트 슬램덩크', '감사합니다 다케히코 센세..', 10]"
41,더 퍼스트 슬램덩크,10,"['더 퍼스트 슬램덩크', '왼손은 거들뿐 빼고 모든게 최고', 10]"
42,더 퍼스트 슬램덩크,10,"['더 퍼스트 슬램덩크', '최고의 스포츠애니메이션 극장영화', 10]"
43,더 퍼스트 슬램덩크,10,"['더 퍼스트 슬램덩크', '진짜 리뷰 왜케 좋아서 나 낚으신거임?중2병 들어간 애니임.추억으로 보긴했고 감동조장 장면 인정하나. 극장서 보란건 2시간 고통버티기임 ', 6]"
44,더 퍼스트 슬램덩크,10,"['더 퍼스트 슬램덩크', '재밌게 잘 봣어요 ㅎㅎ', 9]"
45,더 퍼스트 슬램덩크,10,"['더 퍼스트 슬램덩크', '슬램덩크는 남자의 영화였다...', 9]"
46,더 퍼스트 슬램덩크,10,"['더 퍼스트 슬램덩크', '오늘 6회차 갑니다 장기상영해주세요 제발', 10]"
47,더 퍼스트 슬램덩크,10,"['더 퍼스트 슬램덩크', '진짜 손에 땀을 쥐게 하는 경기였어요', 10]"
48,더 퍼스트 슬램덩크,10,"['더 퍼스트 슬램덩크', '같은 시대에 살아서 행복하다', 10]"
49,더 퍼스트 슬램덩크,10,"['더 퍼스트 슬램덩크', '태어나지 않은년도로 가고싶습니다.', 10]"
50,더 퍼스트 슬램덩크,10,"['더 퍼스트 슬램덩크', '자막 봤으니 더빙 봐야지~', 10]"
51,더 퍼스트 슬램덩크,10,"['더 퍼스트 슬램덩크', '안보면 후회합니다...역대급영화...ㄷㄷ', 10]"
52,더 퍼스트 슬램덩크,10,"['더 퍼스트 슬램덩크', 'second 주세요', 10]"
53,더 퍼스트 슬램덩크,10,"['더 퍼스트 슬램덩크', '송태섭 회상하는 장면은 매우 루즈하다', 6]"
54,더 퍼스트 슬램덩크,10,"['더 퍼스트 슬램덩크', '지렸다 더빙판으로도 보고싶어요', 10]"
55,더 퍼스트 슬램덩크,10,"['더 퍼스트 슬램덩크', '1990년도의 추억이 생각남.난 2003년생임. ', 10]"
56,더 퍼스트 슬램덩크,10,"['더 퍼스트 슬램덩크', '중딩시절의 내겐 오빠였던 그들. 세월이 지나 그들의 엄마뻘이 되어서 뜨겁고 빛나는 시절의 선물을 받은 기분이였다. 붉은 손목밴드를 건네 받은 그의 엄마처럼. 초반 데생으로 한명씩 그려지기 시작할때 마음이 웅장해지면서 오열할뻔ㅜㅜ', 10]"
57,더 퍼스트 슬램덩크,10,"['더 퍼스트 슬램덩크', '전 캐릭터이름만 알고갔는데도 감동이.. 남편은 옆에서 내내울고ㅠ', 10]"
58,더 퍼스트 슬램덩크,10,"['더 퍼스트 슬램덩크', '슬램덩크를 사랑한 이들에게 주는 최고의 선물,뻔한 결과에도 이렇게 감동을 주는게 또 있을까?마지막 몇분은 숨도 제대로 못쉬고 몰입했던 인생 최고의 만화이자 영화입니다', 10]"
59,더 퍼스트 슬램덩크,10,"['더 퍼스트 슬램덩크', '만화책에서 느낄 수 있던 감동과 영화에서 느낄 수 있는 생동감이 합해진 영화 아닐까 특히 만화책에서 다루지 않았던 과거 얘기를 다루면서 캐릭터에 대한 입체감이 더해짐!', 9]"
60,더 퍼스트 슬램덩크,10,"['더 퍼스트 슬램덩크', '서태웅 너무 잘생겼어요!!!!', 10]"
61,더 퍼스트 슬램덩크,10,"['더 퍼스트 슬램덩크', '진짜 우리 어린 시절을 생각하게 하는...울컥함~ 이노우에 작가님 좀 더 해주세요~ ㅎㅎ', 10]"
62,더 퍼스트 슬램덩크,10,"['더 퍼스트 슬램덩크', '아쉬운부분도있었지만 산왕전을 애니로본다는것만으로도10점', 10]"
63,더 퍼스트 슬램덩크,10,"['더 퍼스트 슬램덩크', '재밌습니다 하나도 모르고 가도 재밌었어요', 10]"
64,더 퍼스트 슬램덩크,10,"['더 퍼스트 슬램덩크', '3회차 관람했다... 지금까지 수많은 애니 명작들이 있었는데 그중에서 시간이 흘러서도 이토록 많은 사랑을 받는 작품이 슬램덩크인 덴 분명 이유가 있다. 사랑 받을 수밖에 없는 이유들이 영화 속에 다 들어 있음 오프닝 스케치와 대사 없이 이어지는 마지막 1분 동안의 승부 연출은 영화적 백미의 극한을 선사하니 다들 극장에서 꼭 관람했으면 좋겠다~', 10]"
65,더 퍼스트 슬램덩크,10,"['더 퍼스트 슬램덩크', '보는 것만으로도 감동!', 10]"
66,더 퍼스트 슬램덩크,10,"['더 퍼스트 슬램덩크', '나 진짜 평점 눈팅만 하는데 이거는 참지 못한다 누가 점수를 낮게 주었길래 이게 만점을 못받는거야~!', 10]"
67,더 퍼스트 슬램덩크,10,"['더 퍼스트 슬램덩크', '최근 본 영화중 1등입니다. 스토리,연출,구성 모두 완벽하다.청춘들이여 열정하라~', 10]"
68,더 퍼스트 슬램덩크,10,"['더 퍼스트 슬램덩크', '너무 재미있어요~~~', 10]"
69,더 퍼스트 슬램덩크,10,"['더 퍼스트 슬램덩크', '오랜 추억의 달달함...', 8]"
70,더 퍼스트 슬램덩크,10,"['더 퍼스트 슬램덩크', '영화 평점 처음남겨보는데... 진짜 인생 영화입니다.', 10]"
71,더 퍼스트 슬램덩크,10,"['더 퍼스트 슬램덩크', '송태섭.. 많이 힘들었구나..', 10]"
72,더 퍼스트 슬램덩크,10,"['더 퍼스트 슬램덩크', '초등 아들과 3번 봤습니다더빙, 자막, 더빙 순으로 봤는데자막 볼 때 살짝 지루해서 두번으로 끝내야지 했는데 더빙 한번 더보니 더빙이 답이구나!!!! 느꼈습니다또 봐도 지루하지 않고 아는 내용인데도 심장이 두근두근 합니다 조만간 4차 관람 하러 갑니다!!', 10]"
73,더 퍼스트 슬램덩크,10,"['더 퍼스트 슬램덩크', '이거 보려고 만화 다 보구 봤는데요농구에 대해서 잘 모르는 저한테도 너무 감동이었습니다', 10]"
74,더 퍼스트 슬램덩크,10,"['더 퍼스트 슬램덩크', '어머. 이건 N차 관람해야 돼.영화를 보다가 만화 대사를 육성으로 읊을 뻔한게 몇번이었는지 모르겠다. ㅠㅠ ', 10]"
75,더 퍼스트 슬램덩크,10,"['더 퍼스트 슬램덩크', '재밌었음 옛 추억을 떠올리는 느낌', 10]"
76,더 퍼스트 슬램덩크,10,"['더 퍼스트 슬램덩크', '오랜추억을 되새기려 찾은 영화관 만화다운 영상은 좋았으나 먼가 뚝뚝 끊어지는 스토리 전개가 지루하고 억지 감성은 이제그만...', 4]"
77,더 퍼스트 슬램덩크,10,"['더 퍼스트 슬램덩크', '미쳤다 그냥..꼭봐야함', 10]"
78,더 퍼스트 슬램덩크,10,"['더 퍼스트 슬램덩크', '미쳤다 그냥..꼭봐야함', 10]"
79,더 퍼스트 슬램덩크,10,"['더 퍼스트 슬램덩크', '추억이 생생하게 살아나는 감동', 10]"
80,더 퍼스트 슬램덩크,10,"['더 퍼스트 슬램덩크', '정말 졸려서 미치는줄 알았네...신파를 한편 보는게 나은듯.돈 아까워. 시간 아깝고. 이게 뭐냐.정말 재미있냐???', 2]"
81,더 퍼스트 슬램덩크,10,"['더 퍼스트 슬램덩크', '진짜 미친 명작 그리고 가슴이 벅차오르는 막판의 원작 오마주들98년생인데 슬램덩크 끝 세대라 행운이었다.', 10]"
82,더 퍼스트 슬램덩크,10,"['더 퍼스트 슬램덩크', '아이들과 보는데 30년가까이된 향수와감동의 여운이 아직 느껴지네요', 10]"
83,더 퍼스트 슬램덩크,10,"['더 퍼스트 슬램덩크', '최고네요 원작을 보지않았는데도 느껴지는 울림이 있습니다.', 10]"
84,더 퍼스트 슬램덩크,10,"['더 퍼스트 슬램덩크', '진짜 만화속의 레전드경기를  영상으로 볼수있다는것만해도 놀라웠지만 추가로 뛰어난 연출력.. ost 어울림 미쳤고.. 슛폼까지 그대로 재현하다니 완벽한 싱크로의 3d까지.. 그저 놀라워서 나도모르게 몇번이나 우와했는데 나말고 옆 다른관객들도 우와를 외치고있었다..', 10]"
85,더 퍼스트 슬램덩크,10,"['더 퍼스트 슬램덩크', '이 영화는  정말로 최고다', 10]"
86,더 퍼스트 슬램덩크,10,"['더 퍼스트 슬램덩크', '영원한 대만 오빠', 10]"
87,더 퍼스트 슬램덩크,10,"['더 퍼스트 슬램덩크', '하남자 같은 상남자 불꽃남자 정대만', 10]"
88,더 퍼스트 슬램덩크,10,"['더 퍼스트 슬램덩크', '30년전의 감동을 넘어선듯하다경기종료 1분의 적막속에서 무한한 감동을 느낄  수 있었다', 10]"
89,더 퍼스트 슬램덩크,10,"['더 퍼스트 슬램덩크', '뚫어 송태섭 ㅠㅠㅠㅠ', 10]"
90,더 퍼스트 슬램덩크,10,"['더 퍼스트 슬램덩크', '재밌었어요 뭔 공백을 채우래 또', 10]"
91,더 퍼스트 슬램덩크,10,"['더 퍼스트 슬램덩크', '송태섭 뚫어 하면서 제로감 OST 나올 때, 심장이 터질듯한 기분이였습니다. 2차 관람 예정입니다.', 10]"
92,더 퍼스트 슬램덩크,10,"['더 퍼스트 슬램덩크', '최고의 순간은 언제였나요?', 10]"
93,더 퍼스트 슬램덩크,10,"['더 퍼스트 슬램덩크', '살아움직이는듯한 인물들의 투혼에 연신 눈꼬리에 눈물이 맺혀 와이프볼까 훔치느라 혼났다', 10]"
94,더 퍼스트 슬램덩크,10,"['더 퍼스트 슬램덩크', '잠을 참느라 죽을뻔햇어여참고로 저는여자..남자친구가 보자해서봄..', 10]"
95,더 퍼스트 슬램덩크,10,"['더 퍼스트 슬램덩크', '아무 생각없이 보다가 너무 재미있었다..다음작 완전 기대중', 9]"
96,더 퍼스트 슬램덩크,10,"['더 퍼스트 슬램덩크', '슬램덩크 원작을 본 사람이라면 감동 받을 거임.', 10]"
97,더 퍼스트 슬램덩크,10,"['더 퍼스트 슬램덩크', '슬램덩크를 알려준 제자들과함께 수십년이지난 지금 다시함께 슬램덩크를보다니...뚫어.송태섭..잊을수없다 ㅠ다함께부둥켜안고 하늘올려다보는 태섭의 그위에 준섭이가환하게 웃고있었을듯 ㅠ', 10]"
98,더 퍼스트 슬램덩크,10,"['더 퍼스트 슬램덩크', '벅찬 감동, 숨 멎을 듯한 정적... 최고다', 10]"
99,더 퍼스트 슬램덩크,10,"['더 퍼스트 슬램덩크', '영화의 끝을 향해 달려가면서 쫄깃함이 절정에 달아 마지막 5분동안은 숨도 쉬지 못했다는...', 10]"
100,더 퍼스트 슬램덩크,10,"['더 퍼스트 슬램덩크', '다 아는 내용인데 이렇게 감동적일수가 있나...', 10]"
101,더 퍼스트 슬램덩크,10,"['더 퍼스트 슬램덩크', '끝나고 나오는데 가슴 오지게 뛰더라 ', 10]"
102,더 퍼스트 슬램덩크,10,"['더 퍼스트 슬램덩크', '원작을 모른 상태로 봐도 훌륭했다. 원작을 알고 보면 얼마나 뽕차오를까.', 10]"
103,더 퍼스트 슬램덩크,10,"['더 퍼스트 슬램덩크', '오프닝 스케치 장면에서 이미 게임 오버~!!', 10]"
104,더 퍼스트 슬램덩크,10,"['더 퍼스트 슬램덩크', '세대를 뛰어넘는 시대의 낭만', 8]"
105,더 퍼스트 슬램덩크,10,"['더 퍼스트 슬램덩크', '어째서 봐도봐도 잼있는거지…..', 10]"
106,더 퍼스트 슬램덩크,10,"['더 퍼스트 슬램덩크', '재밌어요 첫 등잔씬부터 감동 ㅠㅠ', 10]"
107,더 퍼스트 슬램덩크,10,"['더 퍼스트 슬램덩크', '역시 슬램덩크!! 너무 좋았다', 10]"
108,더 퍼스트 슬램덩크,10,"['더 퍼스트 슬램덩크', '울컥하게 만드는 추억의 만화', 10]"
109,더 퍼스트 슬램덩크,10,"['더 퍼스트 슬램덩크', '마지막 부분에 숨참고 봤다. 진짜 오줌을 지릴뻔했다. 서태웅이남자로 보인다. 송태섭이남자로 보인다. 말로 허용을 못할정도로 최고다. 인생 최고의 영화.', 10]"
110,더 퍼스트 슬램덩크,10,"['더 퍼스트 슬램덩크', ' 마냥 행복하고 좋았던 그시절로 잠시나마 돌아갈수있어서 좋았어요', 10]"
111,더 퍼스트 슬램덩크,10,"['더 퍼스트 슬램덩크', '지렸다', 10]"
112,더 퍼스트 슬램덩크,10,"['더 퍼스트 슬램덩크', '명작은 내용을 다 알고 봐도 명작이다,,', 10]"
113,더 퍼스트 슬램덩크,10,"['더 퍼스트 슬램덩크', '무엇보다, 원작인 만화의 감동은 그대로 옮겼던 점이 너무 좋았어요. 그리고 여러 사람들의 표정을 한 눈에 보이게 담아낸 연출들이 개인적으로 원작에서 좋았던 점인데, 이 작품은 영상인 만큼 그보다는 생동감, 속도감이 느껴지게 연출한 점이 또 다른 보는 맛이 있었어요.', 10]"
114,더 퍼스트 슬램덩크,10,"['더 퍼스트 슬램덩크', '너무 잘 알고 있기에 Soso 완전 잊고 있었거나 희미하거나 책 안접한사람은 그나마 괜찮을듯??? 일본만화영화는 신카이가 채고당 끗. ', 7]"
115,더 퍼스트 슬램덩크,10,"['더 퍼스트 슬램덩크', '원작이 가지는 위대한 힘 4회차 관람했습니다.', 10]"
116,더 퍼스트 슬램덩크,10,"['더 퍼스트 슬램덩크', '아저씨들이 왜 좋아하는지 알수있는 명작 애니메이션', 10]"
117,더 퍼스트 슬램덩크,10,"['더 퍼스트 슬램덩크', '제발 자막으로 보세요....실수로 더빙으로 봤는데 유치한 느낌 들어요', 8]"
118,더 퍼스트 슬램덩크,10,"['더 퍼스트 슬램덩크', '뚫어!!!!        송태섭!!!!', 10]"
119,더 퍼스트 슬램덩크,10,"['더 퍼스트 슬램덩크', '한나 나올때 오랫동안 못만난 옛친구 만난 기분이 들어서 뭉클했다... ㅜㅜ', 10]"
120,더 퍼스트 슬램덩크,10,"['더 퍼스트 슬램덩크', '뚜러~~~~어어어어! 내 인생!', 10]"
121,더 퍼스트 슬램덩크,10,"['더 퍼스트 슬램덩크', '이걸 극장에서 본 순간이 내 인생 최고의 순간이었네. 만들어주신  모든분들께 감사인사를 드리고싶네요.', 10]"
122,더 퍼스트 슬램덩크,10,"['더 퍼스트 슬램덩크', '송태섭 형은 낚시갔다가 사망. 정대만 중1때만남. 산왕이기고 정우성이랑 미국가서 만남. 강백호얘기안나옴. ', 10]"
123,더 퍼스트 슬램덩크,10,"['더 퍼스트 슬램덩크', '솔직히 보다 눈물좀 흘렸다', 10]"
124,더 퍼스트 슬램덩크,10,"['더 퍼스트 슬램덩크', '일본애니메이션은수준높다...애니메이션을그닥좋아하지않는나도재미있게봤다...스토리와연출굿...평점은8.1점주고싶다...', 8]"
125,더 퍼스트 슬램덩크,10,"['더 퍼스트 슬램덩크', '슬램덩크 좋아했던 남자분들.영화표값이 아깝지 않으실겁니다.', 10]"
126,더 퍼스트 슬램덩크,10,"['더 퍼스트 슬램덩크', '최고였다... 후속편들 그려줫으면 ㅜㅜㅜㅜ', 10]"
127,더 퍼스트 슬램덩크,10,"['더 퍼스트 슬램덩크', '영화 보는 내내 감동과 소름', 10]"
128,더 퍼스트 슬램덩크,10,"['더 퍼스트 슬램덩크', '슬램덩크 만화를 안봤어도 처음 과 끝에 전율이!! 만화 다 챙겨보고 더 세컨드 나오길 기대해야지', 7]"
129,더 퍼스트 슬램덩크,10,"['더 퍼스트 슬램덩크', '최고 최고 최고 최고 촤고', 10]"
130,더 퍼스트 슬램덩크,10,"['더 퍼스트 슬램덩크', '재밌게 잘봤습니다', 10]"
131,더 퍼스트 슬램덩크,10,"['더 퍼스트 슬램덩크', '원작 만화를 한번도 본 적이 없었는데도 영화 내용에 제대로 몰입할 수 있었던 영화이다.', 10]"
132,더 퍼스트 슬램덩크,10,"['더 퍼스트 슬램덩크', '부정할수 없는 명작', 10]"
133,더 퍼스트 슬램덩크,10,"['더 퍼스트 슬램덩크', '인생 최고의 영화...', 10]"
134,더 퍼스트 슬램덩크,10,"['더 퍼스트 슬램덩크', '진짜 최고예요 보고나서 만화방가서 31권 정독했습니다.', 10]"
135,더 퍼스트 슬램덩크,10,"['더 퍼스트 슬램덩크', 'No1 가드 돌격대장 송태섭', 10]"
136,더 퍼스트 슬램덩크,10,"['더 퍼스트 슬램덩크', '우리모두의 영광의순간', 10]"
137,더 퍼스트 슬램덩크,10,"['더 퍼스트 슬램덩크', '막힌 내 삶도 꼭 마지막 돌파처럼 ', 10]"
138,더 퍼스트 슬램덩크,10,"['더 퍼스트 슬램덩크', '영화 처음 시작 스케치로 송태섭 정대만 채치수 강백호 서태웅 걸어올 때 부터 눈물 났습니다. ', 10]"
139,더 퍼스트 슬램덩크,10,"['더 퍼스트 슬램덩크', '왜 이런걸 보나...했다. 왜 이렇게 찬양하나 했다..영화를 보기 전까진....와;; 잘 만들었다 진심.이건 정말 봐도 후회 안한다!', 10]"
140,더 퍼스트 슬램덩크,10,"['더 퍼스트 슬램덩크', '이 영화를 보기 위해 만화방에서 슬램덩크를 정주행 했다 그러고 극장에서 3번을 봤다. 근데 아직도 못 잊겠어서 전권을 사버렸다.. 위험한 영화다', 8]"
141,더 퍼스트 슬램덩크,10,"['더 퍼스트 슬램덩크', '걍 쩔음 연출 너무 쩔어서 또 보고 싶음...', 10]"
142,더 퍼스트 슬램덩크,10,"['더 퍼스트 슬램덩크', '초딩용 버전이 되버린듯. 여러모로 원작만화와의 갭이 상당함. 루즈한 전개와 어색한 대사, 유치한 장면들이 많아 성인이 보기엔 제법 인내심을 요함. 첫장면과 후반부는 그나마 볼만하나, 슬램덩크 세계관을 2시간 짜리 짜집기로 보여주기엔 한계가 명확. ', 5]"
143,더 퍼스트 슬램덩크,10,"['더 퍼스트 슬램덩크', '슬램덩크 처음 영화로 봤다 낭만 그 자체', 10]"
144,더 퍼스트 슬램덩크,10,"['더 퍼스트 슬램덩크', '마지막에 경기끝나고송태섭이 하늘 올려다 볼때 코끝찡 ㅠ', 10]"
145,더 퍼스트 슬램덩크,10,"['더 퍼스트 슬램덩크', '고딩시절 만화책의 감동이 무너질까 걱정하면서 보기를 주저한 내 자신이 우스워졌습니다.. 그저 많은 님들의 말씀처럼 이노우에님의 선물에 감동만 가득합니다…아… ㅜㅜ 무방비 상태로 봉인해제 되어버린 추억의 상자가 닫혀지질 않네요~ ㅜㅜ이 공식사이트의 베스트 댓글처럼..안 늙고 다시 튀어나와준 북산 5인방에게 너무나 고마운 마음입니다~~~나만 늙었어~~~!!! ㅜㅜ ㅋㅋㅋㅋ무한 감사~', 10]"
146,더 퍼스트 슬램덩크,10,"['더 퍼스트 슬램덩크', '기대했던것보다 재밌어요', 10]"
147,더 퍼스트 슬램덩크,10,"['더 퍼스트 슬램덩크', '최고다개봉한지 한달이 지났지만 또 보고 또 봄', 10]"
148,더 퍼스트 슬램덩크,10,"['더 퍼스트 슬램덩크', '슬램덩크 원작을 본 적이 없는데도 너무너무 재밌었다', 10]"
149,더 퍼스트 슬램덩크,10,"['더 퍼스트 슬램덩크', '간만에 인생 영화 하나 나왔네요. 슬램덩크가 있는 시대에 살아서 감사합니다.', 10]"
150,더 퍼스트 슬램덩크,10,"['더 퍼스트 슬램덩크', '원작만화를 보지 않아서 지루할까봐 크게 기대하지 않고 봤는데 내용도 흥미진진하고 연출도 좋아서 재미있게 봤다.', 10]"
151,더 퍼스트 슬램덩크,10,"['더 퍼스트 슬램덩크', '하 개재밌다 서태웅 존잘', 10]"
152,더 퍼스트 슬램덩크,10,"['더 퍼스트 슬램덩크', '별 생각없이 봤다가 3번봤습니다', 10]"
153,더 퍼스트 슬램덩크,10,"['더 퍼스트 슬램덩크', '주연 5인방 이름, 대략적인 스토리만 알고 가도 충분히 정말 재밌게 본 작품... 영상미, 연출, 작화, OST 전부 최고 ', 10]"
154,더 퍼스트 슬램덩크,10,"['더 퍼스트 슬램덩크', '슬램덩크를 몰랐지만 사람들이 열광할만한 포인트가 느껴졌다 3D 그림체라 이질감이 들 수 있는 걱정은 이 영화를 보고나서 해소됐다', 10]"
155,더 퍼스트 슬램덩크,10,"['더 퍼스트 슬램덩크', '마지막 정적… 서태웅이 강백호에게 패스 이후 슛을 날리고 모두가 집중하고 있는 사이 내 앞자리 커플 남자가 여자한테 농구 버저비터 룰을 설명하더라 진짜 ㄷㄱㄹ 깨고싶은거 참았다 .. 지금도 화가난다 ㅋㅋ ', 10]"
156,더 퍼스트 슬램덩크,10,"['더 퍼스트 슬램덩크', '꼭 만화책으로 접했던 사람들뿐 아니라 모두가 하나되어 북산을 응원하게 되는 영화..', 10]"
157,더 퍼스트 슬램덩크,10,"['더 퍼스트 슬램덩크', '슬램덩크를 전혀 모르는데 인기라고 해서 봤습니다. 스포츠 경기 보는 듯한 긴장감의 연속이에요 훌륭합니다', 8]"
158,더 퍼스트 슬램덩크,10,"['더 퍼스트 슬램덩크', '슬램덩크 산왕전 에피소드 이상 가는 만화 스토리가 나올 수가 있나? 모든 명장면 명대사의 집합체다.', 10]"
159,더 퍼스트 슬램덩크,10,"['더 퍼스트 슬램덩크', '아쉬운 부분이 있었지만 단연 최고의 영화였다.', 10]"
160,더 퍼스트 슬램덩크,10,"['더 퍼스트 슬램덩크', '영웅 보고 일본 만화 보기가 너무 힘들었어요 조국을 잊지 않기 위해서....', 2]"
161,더 퍼스트 슬램덩크,10,"['더 퍼스트 슬램덩크', '슬램덩크를 본 적이 없어서 이해가 안될까봐 걱정했는데 극장판의 설명이 친절해서 바로 재밌게 볼 수 있었습니다 ', 10]"
162,더 퍼스트 슬램덩크,10,"['더 퍼스트 슬램덩크', '평점에 조금 속은느낌이랄까..백호덕에 재미있었지만.. 울백호 분량이 너무적어 ㅠㅠ', 7]"
163,더 퍼스트 슬램덩크,10,"['더 퍼스트 슬램덩크', '2시간동안 소년챔프를 모았던 그시절로 돌아간듯한.. 다시보고싶게 설랬다.', 10]"
164,더 퍼스트 슬램덩크,10,"['더 퍼스트 슬램덩크', '처음부터 끝까지 가슴이 두근거리고 맘이 아려서 애들보여주러갔다가 내가 울컥하고 와 버림.나혼자 다시 재관람 해야할듯 ㅜ', 10]"
165,더 퍼스트 슬램덩크,10,"['더 퍼스트 슬램덩크', '굉장히 재밌고 연출좋아요', 10]"
166,더 퍼스트 슬램덩크,10,"['더 퍼스트 슬램덩크', '그시절 슬램덩크를 봤던 이들에게는 고마운 선물', 9]"
167,더 퍼스트 슬램덩크,10,"['더 퍼스트 슬램덩크', '내가 왜 이런 뻔하고 유치한 3류 만화영화를 보고있는지...', 2]"
168,더 퍼스트 슬램덩크,10,"['더 퍼스트 슬램덩크', '꼭 보세요. 재밌어요.', 10]"
169,더 퍼스트 슬램덩크,10,"['더 퍼스트 슬램덩크', '더빙, 자막 다 보고왔는데.. 정말 너무 재밌어요! 애니메이션에 이렇게 감동받은 건 처음입니다. 개인적으로는 더빙이 조금 오글거리긴 하지만 성우분들 연기면에서 더 좋았던 것 같아요! 정말 경기을 직관하는 것처럼 두근 거리고 우승의 영광과 청춘의 순간을 함께 느끼는 것 같았습니다. 마지막 하이라이트 정적 부분에서 떠들던 사람 뺨 갈길뻔 한거 참았네요^^ 매너 좀 지킵시다;; 전 더빙 먼저 보고 자막 또 보시는거 추천드려여', 10]"
170,더 퍼스트 슬램덩크,10,"['더 퍼스트 슬램덩크', '글쎄요 졸았어요 재미없어요;;;', 1]"
171,더 퍼스트 슬램덩크,10,"['더 퍼스트 슬램덩크', '최고의 감동이다 나의젊은시절이여 ㅠ', 10]"
172,더 퍼스트 슬램덩크,10,"['더 퍼스트 슬램덩크', '태섭이가 NO1이 되는 과정울컥울컥하는 장면이 한둘이 아니었다', 10]"
173,더 퍼스트 슬램덩크,10,"['더 퍼스트 슬램덩크', '퍼펙트. 다른 설명이 필요 없어요, 그냥 완벽합니다.', 10]"
174,더 퍼스트 슬램덩크,10,"['더 퍼스트 슬램덩크', '보고 슬램덩크 입덕함,,처음엔 캐릭터가 3D 입체적이여서 실망했는데보니까 움직임이나 생동감이 더욱 생생해서 더 좋았음. 2번 봤는데 결말을 다 알고 봐도 그냥울음이 나오더라 ㅜㅜ강백호 웃음 포인트 많고 서태웅 잘생김 포인트 많고 채치수 감동 포인트 많고 정대만은 그냥 믿는거여.. 송태섭을 주로 풀어낸 스토리라 과거사 보면서 더 몰입한 듯.지금도 헤어나오질 못하겠음. 평소 줄거리 잘 몰라도 볼 수 있음. 그냥 심심하면 보셈. 심심 안해도 보셈. 아니 보지 마셈 라이벌을 더 늘리면 안되니까..', 10]"
175,더 퍼스트 슬램덩크,10,"['더 퍼스트 슬램덩크', '너무재밌습니다`~~', 10]"
176,더 퍼스트 슬램덩크,10,"['더 퍼스트 슬램덩크', '진짜 지루해요… 만화책 안 본 사람도 농구팬된다는 소문듣고 왔는데, 이해 안되고 질질끌고 중간에 나가고 싶어서 혼났습니다.. 슬램덩크 만화 보신 분만 보시는게 좋을 듯', 2]"
177,더 퍼스트 슬램덩크,10,"['더 퍼스트 슬램덩크', '만화책을 어렸을 때 보거나 어렸을 적 향수가 있는 사람들에게 추천드려요..주변에서 재밌다고 해서 봤는데 그다지 박진감 넘치거나 벅차오르는 기분은 아니고 한참 잔잔하다가 마지막에 잠깐 신납니다..기승전결 중에 기 승 기 승 기이이이이 승 기이이이 승…… 전결.. 이런 느낌이에요', 2]"
178,더 퍼스트 슬램덩크,10,"['더 퍼스트 슬램덩크', '스케치로 시작해 걸어나오는 북산 스타팅 5인방과 왕좌에서 내려오듯 걸어나오는 산왕 5인방이 끝내주는 락 음악과 함께 등장하는 오프닝부터 심장이 터질듯 벅차올라 눈물이 날 것 같더라. 만화책을 보면서 수도없이 상상했던 살아움직이는 산왕전을 두 눈으로 보는 감동이 잊혀지지 않는다. 상상으로만 울려퍼지던 명대사들을 직접 듣는 순간 뜨거워지는 심장. 벅차오르는 ost.  4회차를 봐도 여전히 가슴이 뛴다.', 10]"
179,더 퍼스트 슬램덩크,10,"['더 퍼스트 슬램덩크', '당장 농구하고싶게만드는 영화', 10]"
180,더 퍼스트 슬램덩크,10,"['더 퍼스트 슬램덩크', '5번 정도 울컥했네요추억 청춘 이런 단어로는 도저히 표현이안되는 감동ㄷㄷ', 10]"
181,더 퍼스트 슬램덩크,10,"['더 퍼스트 슬램덩크', '오래 살아갈 이유가 하나 추가..', 10]"
182,더 퍼스트 슬램덩크,10,"['더 퍼스트 슬램덩크', '슬램덩크를 극장에서 보는 날이 오다니,,,울 수 없어 겨우 참고 마음으로 울었습니다 더빙판으로도 한 번 더 감동을 느끼고 다시 오도록 하겠습니다', 10]"
183,더 퍼스트 슬램덩크,10,"['더 퍼스트 슬램덩크', '슬램덩크 하나로 설명끝', 10]"
184,더 퍼스트 슬램덩크,10,"['더 퍼스트 슬램덩크', 'K 웹툰,애니는 슬램덩크 하나로만으로도 제압 가능.반일하던 애들도 재밌다고 난리치더라구요?', 10]"
185,더 퍼스트 슬램덩크,10,"['더 퍼스트 슬램덩크', '진짜 최고다..캐릭터들 움직임부터 연기하나하나 너무 잘만들어놨다...', 10]"
186,더 퍼스트 슬램덩크,10,"['더 퍼스트 슬램덩크', '그 시절 우리들의 최고의 만화', 10]"
187,더 퍼스트 슬램덩크,10,"['더 퍼스트 슬램덩크', '명작은 명작인 이유가 있다 역시', 10]"
188,더 퍼스트 슬램덩크,10,"['더 퍼스트 슬램덩크', '애니안에 인생이 담겨져 있다.당신의 편견을 부술 것이다.', 10]"
189,더 퍼스트 슬램덩크,10,"['더 퍼스트 슬램덩크', '2번보고 싶어요OST 도 최고에요', 10]"
190,더 퍼스트 슬램덩크,10,"['더 퍼스트 슬램덩크', '옆에 있던 남자들 코감기인가 했는데 알고보니 우는거 였음 ㅋㅋㅋ 남자들은 거의 다 울컥했을꺼고 아이들은 강백호 보는 재미에 빠졌다. 강수진 성우님 코난이랑 겹쳐 보일까 걱정했는데 아니였다. 역시 프로다.', 10]"
191,더 퍼스트 슬램덩크,10,"['더 퍼스트 슬램덩크', '내 생에 산왕전을 애니로 보게 될 줄은...  하이파이브를 보게 될 줄은.... 감격스럽다. 1년에 한편씩 다른 아이들 미래 보고싶네요. 개인적으론 윤대협 전국대회 진출 후 세상은 반응 같은게 진짜 보고싶었는데...', 10]"
192,더 퍼스트 슬램덩크,10,"['더 퍼스트 슬램덩크', '진짜개고퀄로 나옴 이건 무조건 영화관에서 봐야돼요..코딱지만한 화면으로는 이 감동을 다 느낄수없어..', 10]"
193,더 퍼스트 슬램덩크,10,"['더 퍼스트 슬램덩크', '진짜 너무 재밌어요 내용 1도 몰랏던 중딩인데 너무 재밋고 서태웅존잘', 10]"
194,더 퍼스트 슬램덩크,10,"['더 퍼스트 슬램덩크', '시대의 에센셜은 영원하다.', 10]"
195,더 퍼스트 슬램덩크,10,"['더 퍼스트 슬램덩크', '오늘까지 세 번. 학창시절 강백호 서태웅 채치수 세 사람 이름밖에 모르고 21권 딱 한 권만 읽었는데 어쩌다 그 시절에 안읽었는지.. 결국 이번에 만화책 다 사서 읽고 오늘 세 번째로 봤는데 보면 볼수록 더 좋다. 어쩌다 더빙판만 세 번 봤는데, 자막으로 한 번 더 볼 예정. 또 봐도 감동이 사그라들지 않고 오히려 더 커지는 건 뭐지.. 강백호 사랑해', 10]"
196,더 퍼스트 슬램덩크,10,"['더 퍼스트 슬램덩크', '진짜솔직하게 리뷰하면너무 전개가 지루했음 리얼100프로송태섭이야기는 너무잼없었음강백호나올때만 재있었음', 1]"
197,더 퍼스트 슬램덩크,10,"['더 퍼스트 슬램덩크', '다 진짜 짱ㅜ송태섭네 스토리도 미쳤고 다 미첬따ㅜ 이번에 처음으로 농구라는 스포츠를 접하는데 넘 좋은것같다ㅜ 진짜 강추', 10]"
198,더 퍼스트 슬램덩크,10,"['더 퍼스트 슬램덩크', '왜 평점높냐? 나 진짜 지루해서 죽을뻔했는데...', 1]"
199,더 퍼스트 슬램덩크,10,"['더 퍼스트 슬램덩크', '내인생 가장 행복했던 시절 그때 그 감동 그대로 ', 10]"
200,더 퍼스트 슬램덩크,10,"['더 퍼스트 슬램덩크', 'ost도 좋고 진짜너무 재미있었다!! 만화책도 샀음..', 10]"
201,더 퍼스트 슬램덩크,10,"['더 퍼스트 슬램덩크', '캐릭터들과 같이 코트에 서 있는 기분이었습니다. 처음부터 끝까지 심장이 미쳐날뛰는 영화..', 10]"
202,더 퍼스트 슬램덩크,10,"['더 퍼스트 슬램덩크', '슬램덩크. 2기 나오길….', 10]"
203,더 퍼스트 슬램덩크,10,"['더 퍼스트 슬램덩크', '잊고 살았던 우리 시절의 슬램덩크..다시 한번 가슴을 뛰게 만드네요. 2번 봐도 감동은 3배 이상입니다?! ', 10]"
204,더 퍼스트 슬램덩크,10,"['더 퍼스트 슬램덩크', '멈출 수 없는 긴장감과 감동적인 스토리가 함께 어우러져 하나의 멋진 작품을.', 10]"
205,더 퍼스트 슬램덩크,10,"['더 퍼스트 슬램덩크', '오래 살아야 해.. 오래 사니깐 산왕전도 영상으로 보잖아..', 10]"
206,더 퍼스트 슬램덩크,10,"['더 퍼스트 슬램덩크', '만화를 먼저 보고 보시길', 10]"
207,더 퍼스트 슬램덩크,10,"['더 퍼스트 슬램덩크', '언론플레이할만큼 재미나지않음언제끝나지 하고 시간체크 12번정도함산왕과의 대결도 그닥 긴장감도 없고 넷플에 있는 슬램덩크 만화 다시보는게 훨 나은듯', 4]"
208,더 퍼스트 슬램덩크,10,"['더 퍼스트 슬램덩크', '최고! 다른 말은 안떠오름..', 10]"
209,더 퍼스트 슬램덩크,10,"['더 퍼스트 슬램덩크', '당신의 전성기는 언제인가요?  난 지금입니다.', 10]"
210,더 퍼스트 슬램덩크,10,"['더 퍼스트 슬램덩크', '시간이 지금보다 더더 흘러도 슬램덩크는 초우주명작으로 남으리.', 10]"
211,더 퍼스트 슬램덩크,10,"['더 퍼스트 슬램덩크', ' 평론가들은 8점이상 못주나요?', 10]"
212,더 퍼스트 슬램덩크,10,"['더 퍼스트 슬램덩크', '너무너무재미있었고  송태섭이너무너무멋있어요두세번봐도재미있을것같아요 강력추천해요.', 10]"
213,더 퍼스트 슬램덩크,10,"['더 퍼스트 슬램덩크', '애니에 감정이입이 되는건 정말 오랜만이다', 10]"
214,더 퍼스트 슬램덩크,10,"['더 퍼스트 슬램덩크', '진짜 만화책으로 보던 감동을 다시 꺼내주었다', 10]"
215,더 퍼스트 슬램덩크,10,"['더 퍼스트 슬램덩크', '1.박진감이 있는 경기 연출, 작화는 수준이 높다.2.스케치형식으로 캐릭터들의 걷는 모습이 루프되면서 시작되는 연출이 매우 좋았다.3.경기 장면 마지막 공격에서의 시간이 빨리가는듯한 연출이 좋았다.4.경기도중에 플래시백(과거 회상)이 잦아서 경기의 흐름이 계속 끊긴다. 경기에 몰입하려고만하면 회상이나오는 것이 반복되어 아쉽다.5.직관적인 신파가 아쉽다. 과거 형의 영상을 보는 어머니가 아니라, 어머니가 과거 형의 영상을 다 본 뒤에 깜빡하고 빼두지 않은 CD를 송태섭이 보는 것이 더 좋았을 듯하다.6.캐릭터들을 다 보여주기 위해 경기도중에 급작스러운 여러 캐릭터의 과거를 보여줬던 것이 몰입에 약간 방해가 되었다.차라리 송태섭의 과거와 경기 위주로 진행이 되고, 타 캐릭터들은 경기중에서의 특징,성격을 부각시켜주는 것이 더 좋았을듯 하다.', 8]"
216,더 퍼스트 슬램덩크,10,"['더 퍼스트 슬램덩크', '자동으로 뽕이 차오르는 영화', 10]"
217,더 퍼스트 슬램덩크,10,"['더 퍼스트 슬램덩크', '원작러들이 보면 조금 아쉽고 원작 모르면 정말 재밌게 볼 수 있는 영화. 개인적으로 더빙이 제일 아쉬웠는데... 자막판까지 봐봐야 더빙을 잘한건지 못한건지 알 수 있을 거 같다. 근데 그거 감안 해도 슬램덩크 더빙은 스브스 때가 최고였던거 같다. ', 8]"
218,더 퍼스트 슬램덩크,10,"['더 퍼스트 슬램덩크', '일본만화들 실사화하지말고 이렇게 수준급 애니로 다시 만들어 줬으면 좋겠다!', 9]"
219,더 퍼스트 슬램덩크,10,"['더 퍼스트 슬램덩크', '첫사랑에게 평점 9를 주는 바보는 없어..', 10]"
220,더 퍼스트 슬램덩크,10,"['더 퍼스트 슬램덩크', '실사 영화보다 감동적인 최고의 명작. 관람 필수.', 10]"
221,더 퍼스트 슬램덩크,10,"['더 퍼스트 슬램덩크', '어렸을때 추억을 완벽하게 재현송태섭의 새로운 이야기까지 완벽왼손은 거들뿐~ㅜㅜ', 10]"
222,더 퍼스트 슬램덩크,10,"['더 퍼스트 슬램덩크', '연출, 음악, 스토리 다 좋았다. 물론 나는 만화를 다 봐서 아는 내용이었다. 하지만 새로운 자극을 느낄 수 있었다. 처음 보는 사람도 많이 배려해서 만들어낸 느낌도 있었다. 물론 원작을 알면 더 재밌게 볼 포인트도 아쉬운 포인트도 있을거 같다. 하지만 처음 보는 사람들을 충분히 뜨겁게 만들 수 있을것이다. ', 9]"
223,더 퍼스트 슬램덩크,10,"['더 퍼스트 슬램덩크', '최근 봤던 영화들 중 가장 최고였어요..재밌어서 두번봤어요', 10]"
224,더 퍼스트 슬램덩크,10,"['더 퍼스트 슬램덩크', '그냥 보는 내내 뭉클하고 그림체들이 너무 예쁨 ', 10]"
225,더 퍼스트 슬램덩크,10,"['더 퍼스트 슬램덩크', '꺽이지 않는 마음..이라고 초5 아들래미가 얘기할 정도로 집중하며 봤음.', 10]"
226,더 퍼스트 슬램덩크,10,"['더 퍼스트 슬램덩크', '고딩때 봤던 만화책의 감동이 그대로 생각난다.. 만화책을 구매해야겠다..', 10]"
227,더 퍼스트 슬램덩크,10,"['더 퍼스트 슬램덩크', '그시절 우리는 슬램덩크였다!!!! 영화감상 후 바로 만화책ㄱㄱ', 10]"
228,더 퍼스트 슬램덩크,10,"['더 퍼스트 슬램덩크', '지루해죽는줄....여친이랑 보러갔다가 중간에 나옴....', 2]"
229,더 퍼스트 슬램덩크,10,"['더 퍼스트 슬램덩크', '비로소 형에대한 그리움을, 트라우마를 이겨낸다몸을 바쳐 날리는 강백호와 모든 선수 각자의 두려움을 이겨내는 한판승', 8]"
230,더 퍼스트 슬램덩크,10,"['더 퍼스트 슬램덩크', '촌각을 다투는 농구 경기 중간중간에 되도 않는 드라마 삽입해서 흐름 뚝뚝 끊어먹고, 대사는 하나같이 오글거리며, 버저비터 엔딩까지 클리셰로 떡칠돼있음.영화 들어갈 때 시작한 경기 하나로 끝까지 끌 줄은 상상도 못했다.평점은 대부분 알바이니 여러분의 시간과 돈을 아끼기 위해 믿고 거르시길. ', 1]"
231,더 퍼스트 슬램덩크,10,"['더 퍼스트 슬램덩크', '3d 애니메이션이라 별로일까 걱정했는데 생각보다 엄청 재밌게 잘봤네요', 10]"
232,더 퍼스트 슬램덩크,10,"['더 퍼스트 슬램덩크', '영화가 잘생겼고 서태웅이 재밌었어요', 10]"
233,더 퍼스트 슬램덩크,10,"['더 퍼스트 슬램덩크', '노재팬하던 ㅆㄹㄱ들은 이거 안봣지?', 10]"
234,더 퍼스트 슬램덩크,10,"['더 퍼스트 슬램덩크', '보는 내내 목이 메었습니다. 이유는 모르겠습니다.', 10]"
235,더 퍼스트 슬램덩크,10,"['더 퍼스트 슬램덩크', '소년과 농구 그자체다 20대때 본게 행운', 10]"
236,더 퍼스트 슬램덩크,10,"['더 퍼스트 슬램덩크', '평소에 보던 유쾌하고 긴장되는 연출이 아니라 번외버전같다 송태섭 가정환경과 농구에 대한 의지 끈기를 드라마로 풀어냈고 그 전에 별로 관심없던 친구에 대해 알아본 계기가 된것 같다 재밌고 좋았고 감동도 있었지만 우리 백호 분량 적어서 어떡하지 난 백호 보려고 간건데 ', 10]"
237,더 퍼스트 슬램덩크,10,"['더 퍼스트 슬램덩크', '어린시절의 추억이 눈 앞에서 동화로 움직인다. 그저 눈앞에 펼쳐지는 영상과 음악 그리고 드라마를 묵묵히 바라보는 것 만으로 힐링과 위안을 받는다. 원작자가 얼마나 이작품을 사랑하고, 정성을 들였는지 오프닝부터 엔딩까지 모든 장면에서 느껴진다.보세요. 그 이상의 감상평은 필요없을 것 같아요.', 10]"
238,더 퍼스트 슬램덩크,10,"['더 퍼스트 슬램덩크', '최고최고최고최고최고', 10]"
239,더 퍼스트 슬램덩크,10,"['더 퍼스트 슬램덩크', '재밌네요 스토리는 모르고 봤는데 감동적이었습니다', 10]"
240,더 퍼스트 슬램덩크,10,"['더 퍼스트 슬램덩크', '감동 그자체 입니다 ㅜㅜ 추억이 새록새록', 10]"
241,더 퍼스트 슬램덩크,10,"['더 퍼스트 슬램덩크', '진짜 이럴 거야...? 보다가 중간에 나왔네..', 2]"
242,더 퍼스트 슬램덩크,10,"['더 퍼스트 슬램덩크', '웅ㅡ장해집니다따흑!!!', 10]"
243,더 퍼스트 슬램덩크,10,"['더 퍼스트 슬램덩크', '내인생 최고의 만화 어린시절 감동을 다시 받은.. 역동적인 경기장면도 좋았어요 가슴이 웅장해짐이걸 계기로 스핀오프 계속 나왔으면!', 10]"
244,더 퍼스트 슬램덩크,10,"['더 퍼스트 슬램덩크', '기대안했는데 너무 재밌었다! 최고최고', 10]"
245,더 퍼스트 슬램덩크,10,"['더 퍼스트 슬램덩크', '사랑해…영원히좋아할게……', 10]"
246,더 퍼스트 슬램덩크,10,"['더 퍼스트 슬램덩크', '오르른ㄷㄹ?리니니딛', 10]"
247,더 퍼스트 슬램덩크,10,"['더 퍼스트 슬램덩크', '안보면 인생손해임 ㄱㄱㄱ', 10]"
248,더 퍼스트 슬램덩크,10,"['더 퍼스트 슬램덩크', '녀석들... 여전하구나', 10]"
249,더 퍼스트 슬램덩크,10,"['더 퍼스트 슬램덩크', '스토리는 좋았지만 산왕전 팬으로서 감동은 떨어짐 ㅡㅜ', 8]"
250,더 퍼스트 슬램덩크,10,"['더 퍼스트 슬램덩크', '진짜 개존잼 두번 봤음ㅠㅠ', 10]"
251,더 퍼스트 슬램덩크,10,"['더 퍼스트 슬램덩크', '또 보러가야지!!!정말 재밌어요ㅠㅠ', 10]"
252,더 퍼스트 슬램덩크,10,"['더 퍼스트 슬램덩크', '야 이걸 2시간 넘게 질질 끈다고..?', 1]"
253,더 퍼스트 슬램덩크,10,"['더 퍼스트 슬램덩크', '그냥 졸라 재밌음…근 3년 내 봤던 영화중 제일 재밌음', 10]"
254,더 퍼스트 슬램덩크,10,"['더 퍼스트 슬램덩크', '속았다  최악의 영화  절대보지마', 2]"
255,더 퍼스트 슬램덩크,10,"['더 퍼스트 슬램덩크', '나의 아기원숭이 강백호…', 10]"
256,더 퍼스트 슬램덩크,10,"['더 퍼스트 슬램덩크', '나중에 나도 커서 자식을 데리고 이렇게 보러올수있는 영화가 많아졌으면 좋겠다', 9]"
257,더 퍼스트 슬램덩크,10,"['더 퍼스트 슬램덩크', '눈물이 안날줄 알았는데 눈물이 났다', 10]"
258,더 퍼스트 슬램덩크,10,"['더 퍼스트 슬램덩크', '모든 내용을 알고 보니 흠 쏘쏘했네요.', 8]"
259,더 퍼스트 슬램덩크,10,"['더 퍼스트 슬램덩크', '다 알고있는 내용이지만 그럭저럭 재밌게 볼수있었음 그치만 ost가 예전 한국 감성이 아니라 아쉬움', 8]"
260,더 퍼스트 슬램덩크,10,"['더 퍼스트 슬램덩크', '화장실을 가고 싶었는데 못갔습니다..', 9]"
261,더 퍼스트 슬램덩크,10,"['더 퍼스트 슬램덩크', '아이씨 왜 자꾸 눈물이 나냐', 10]"
262,더 퍼스트 슬램덩크,10,"['더 퍼스트 슬램덩크', '뚫어~~~~송태섭 촥고', 10]"
263,더 퍼스트 슬램덩크,10,"['더 퍼스트 슬램덩크', '오프닝 씬에서 이미 100% 만족', 10]"
264,더 퍼스트 슬램덩크,10,"['더 퍼스트 슬램덩크', '극장에서 안봤으면 후회했을듯여', 10]"
265,더 퍼스트 슬램덩크,10,"['더 퍼스트 슬램덩크', '소오름!! 역시 슬램덩크!!!', 10]"
266,더 퍼스트 슬램덩크,10,"['더 퍼스트 슬램덩크', '그저 갓… 리뷰 처음 남기는데 정말.. 최고임', 10]"
267,더 퍼스트 슬램덩크,10,"['더 퍼스트 슬램덩크', '두근거림^^슬램덩크를 볼때의 감정과 송태섭의 새로운 이야기. 지루할 틈없이 가슴 두근거리며 보고 왔어요^^', 10]"
268,더 퍼스트 슬램덩크,10,"['더 퍼스트 슬램덩크', '어릴적 즐겨보던 만화가 책을 찢고 나와 영상으로 재탄생했다', 10]"
269,더 퍼스트 슬램덩크,10,"['더 퍼스트 슬램덩크', '만화책과는 또다른감동무조건 보세요 !', 10]"
270,더 퍼스트 슬램덩크,10,"['더 퍼스트 슬램덩크', '후속작 더 나왔으면 좋겠다', 10]"
271,더 퍼스트 슬램덩크,10,"['더 퍼스트 슬램덩크', 'ost가 정말 가슴뛰게 만드네요..', 10]"
272,더 퍼스트 슬램덩크,10,"['더 퍼스트 슬램덩크', '슬램덩크 아무것도 모르고갔는데 보자마자 빠져버렸어요 소장하고싶은영화네요', 9]"
273,더 퍼스트 슬램덩크,10,"['더 퍼스트 슬램덩크', '나의 영원한 북산고 농구부ㅠㅠ', 10]"
274,더 퍼스트 슬램덩크,10,"['더 퍼스트 슬램덩크', '3d 애니메이션의 혁신, 농구 코트의 열기가 느껴지는 최고의 연출', 9]"
275,더 퍼스트 슬램덩크,10,"['더 퍼스트 슬램덩크', '나 아직 울수 있구나..나도 소년이었지', 10]"
276,더 퍼스트 슬램덩크,10,"['더 퍼스트 슬램덩크', '너무 재밌음... 평점 왜 10점이 끝인거죠', 10]"
277,더 퍼스트 슬램덩크,10,"['더 퍼스트 슬램덩크', '작화 스토리 연출 모두 너무 훌륭하네요! 웰메이드 애니메이션 너무 감사합니다.', 10]"
278,더 퍼스트 슬램덩크,10,"['더 퍼스트 슬램덩크', '아바타 세번 봤습니다 슬램덩크는 단 한번으로 족합니다 이 격한 감동을 다시 느끼고 싶지 않아요 스스로에게 봉인해제 합니다 ', 10]"
279,더 퍼스트 슬램덩크,10,"['더 퍼스트 슬램덩크', '슬램덩크 만화 본 적 없고 향수도 없어서 뭐가 재미있다는 건지 감이 없고 농구에서 더블 드리블하면 상대 진영으로 공이 뺏긴다는 건 알았네요 슬램덩크 본 적 없고 농구 모르면 그 정도로 재미있진 않는 듯...나의 이름은, 하울의 움직이는 성 수많은 애니 는 재미있게 봤는데도요 그런데 아들은 슬램덩크 만화 봐서 영화가 너무 재미있었다네요 남편과 저는 아들이 느낀 재미는 소소, 감동은 없었어요', 8]"
280,더 퍼스트 슬램덩크,10,"['더 퍼스트 슬램덩크', '더빙,자막 2번 봤습니다. 최고예요 ', 10]"
281,더 퍼스트 슬램덩크,10,"['더 퍼스트 슬램덩크', '진짜 어릴때 오빠들이 1편부터 마지막 산왕전까지 만화책을 사놔서 10번 이상 본 슬램덩크... 감동... 근데 잘모르는 20대 MZ세대 여자들... 제발 극장에서 경기 보는것 처럼 호들갑에 응원 좀 하지 말아라 시끄러워서 너 진짜 때릴뻔 했다!!', 10]"
282,더 퍼스트 슬램덩크,10,"['더 퍼스트 슬램덩크', '그냥 모르고 봐도 재밌고 알고 보면 진짜 재밌는 영화인듯 합니다. 최근 3년동안 봤던 영화 중 가장 감명 깊었고 가장 감정이입이 되었던 영화 였습니다. 특히 만화 그림체 그대로 3d 애니메이션을 만든것이 너무 훌륭하다고 생각합니다. 어색함 하나도 없고 퀄리티가 원작 고증을 그대로 했다고 봐도 될 정도로 똑같습니다. 더빙판 자막판 둘다 좋은 것 같습니다. 저는 더빙판으로 봤는데 성우진 분들이 워낙 잘하셔서 개인적으로 몰입이 깨지는 일 없이 감정선이 쭉 유지되면서 봤었습니다. 너무 추천 드립니다. 후회 없으실 겁니다.', 10]"
283,더 퍼스트 슬램덩크,10,"['더 퍼스트 슬램덩크', '소리없는 마지막 강백호 골장면에서 남자들의 흐느낌을 느꼈다', 10]"
284,더 퍼스트 슬램덩크,10,"['더 퍼스트 슬램덩크', '한번쯤 본다면 더빙판을 생각했었는데 탁월한 선택이었음. 1996년에 머물러있는 슬램덩크의 그들이 다시 움직이기 시작했다가 맞겠네요.', 10]"
285,더 퍼스트 슬램덩크,10,"['더 퍼스트 슬램덩크', '진짜 미쳤다 역대급 인생영화', 10]"
286,더 퍼스트 슬램덩크,10,"['더 퍼스트 슬램덩크', '역시 슬램덩크 내 인생 ㅋㅋ', 10]"
287,더 퍼스트 슬램덩크,10,"['더 퍼스트 슬램덩크', '초등부터 어른까지 ...재밋음.  ', 10]"
288,더 퍼스트 슬램덩크,10,"['더 퍼스트 슬램덩크', '불꽃남자 정대만...', 10]"
289,더 퍼스트 슬램덩크,10,"['더 퍼스트 슬램덩크', '말로만 슬램덩크를 접해보고 처음 본 영상물이었는데도 불구하고 이해도 잘 되고 연출이나 OST 정말 좋았습니다', 10]"
290,더 퍼스트 슬램덩크,10,"['더 퍼스트 슬램덩크', '말해뭐해...그 중 ost는 기가막히게 잘 뽑음 ', 10]"
291,더 퍼스트 슬램덩크,10,"['더 퍼스트 슬램덩크', '그 옛날의 감동 그대로...순간 10대로 돌아간 그 감동더빙/자막 둘다 좋습니다.', 10]"
292,더 퍼스트 슬램덩크,10,"['더 퍼스트 슬램덩크', '삼천번볼래요 저농구1도몰랐는데지금농구만화만보고있어요슬램덩크최고에요', 10]"
293,더 퍼스트 슬램덩크,10,"['더 퍼스트 슬램덩크', '그냥 보세요. 눈물 왈칵', 10]"
294,더 퍼스트 슬램덩크,10,"['더 퍼스트 슬램덩크', '초면인데 좋았어요 또볼의향있어요', 10]"
295,더 퍼스트 슬램덩크,10,"['더 퍼스트 슬램덩크', '애니를 안보는 아내도 재미있다고 그러네요', 10]"
296,더 퍼스트 슬램덩크,10,"['더 퍼스트 슬램덩크', '그냥 미쳤습니다.. ㅋㅋ 아직도 떨리네요', 10]"
297,더 퍼스트 슬램덩크,10,"['더 퍼스트 슬램덩크', '진짜 연출이랑 ost 작화 뭐 하나 빠지는게 없음Ost가 나오는 부분은 싹다  간지특히 뚫어 송태섭은 진짜 와', 10]"
298,더 퍼스트 슬램덩크,10,"['더 퍼스트 슬램덩크', '강백호 회상씬에서 눈물터져버렸다', 10]"
299,더 퍼스트 슬램덩크,10,"['더 퍼스트 슬램덩크', '옛 젊은이와 현 젊은이 모두에게 울림을 줄 수 있는 북산고 농구부 5인방!', 10]"
300,더 퍼스트 슬램덩크,10,"['더 퍼스트 슬램덩크', '경기한편 보고온듯 시간가는줄 모르고 봤습니다 추천해요', 10]"
301,더 퍼스트 슬램덩크,10,"['더 퍼스트 슬램덩크', '송태섭 존나 멋있다 시발', 10]"
302,더 퍼스트 슬램덩크,10,"['더 퍼스트 슬램덩크', '진짜 개재밌습니다………… 슬램덩크 안 본 사람들은 과몰입하기 힘들듯', 10]"
303,더 퍼스트 슬램덩크,10,"['더 퍼스트 슬램덩크', '스토리가 쥐어짜는 내용이 계속이고 과거 현재이야기가 계속 반복하니 졸다 나왔는데 나만 그런건가 ', 4]"
304,더 퍼스트 슬램덩크,10,"['더 퍼스트 슬램덩크', '어린 시절의 슬램덩크의 감동이 그대로 전해짐...ㅠ 뭐 근데 슬램덩크 만화 안 본 사람들은 잘 모를듯ㅋ', 10]"
305,더 퍼스트 슬램덩크,10,"['더 퍼스트 슬램덩크', '설명이나 진행 방식이 매우 불친절하며중간 중간 송태섭의 내용이 흐름을 끊어방해를 받는 느낌이 불편할 정도였음. 거기에 팬들이 기대했던 장면들의 편집과 북산의 좌절과 감정기복이 사라진 안감독의 연출은 좀더 극적인 상황 연출을 못 만든 느낌이 있지만 그럼에도 흥미진진함 심지어 마지막 5분에서는 숨을 쉬어야 한다는 생각 조차 못하였고 특히나 사운드를 없애고 경기를 진행 시키는 연출에서 몸의 모든것이 스크린에 집중되는 느낌을 받았음 PS: 오랜 세월이 흘러 성형 부작용으로 얼굴이 흘러내린 소연이는 가슴이 아팠음. ', 8]"
306,더 퍼스트 슬램덩크,10,"['더 퍼스트 슬램덩크', '최고였다. 슬램덩크 추억이있는곳', 10]"
307,더 퍼스트 슬램덩크,10,"['더 퍼스트 슬램덩크', '감동 연출 다좋고가슴도 벅차오르는데.  경기를 너무 끊어먹고 회상으로 들어감.경기 흐름이나 박진감 등 경기 자체에 몰입하고 싶었던 사람에겐 호불호가 갈릴듯.경기는 왠만하면 붙여서 보여주지...더빙보는중 가장 기대했던 중요한 대사도 묵음처리..장면 긴장감 극대화시키는 연출..이해는 되는데..그 대사를 입모양만 뻐끔거리면...후.. 회상걷어내고 경기만 붙은거 다시 보고싶네요 ', 8]"
308,더 퍼스트 슬램덩크,10,"['더 퍼스트 슬램덩크', '중딩 고딩  내 아이들과 함께 볼 수 있다니...미쳤다!!!정말 찐!!!!  고작 만화잖아~그럴수있다..근데 관객들은 숨도못쉬고 한 마음으로숨소리도 느껴지지않을 정도로 진지했었다!!40대줌민인 나도 여러 관객도 울었다..ㅎㅎ', 10]"
309,더 퍼스트 슬램덩크,10,"['더 퍼스트 슬램덩크', '이제는 40대 중반을 달려가는 나, 영화를 보다가 나는 눈물은 감동적인 스토리 때문인지 청춘에 대한 그리움인지 모르겠다. 최고다!!!', 10]"
310,더 퍼스트 슬램덩크,10,"['더 퍼스트 슬램덩크', '원작을 안보고 봐도 재밌었다', 10]"
311,더 퍼스트 슬램덩크,10,"['더 퍼스트 슬램덩크', '최고의 농구만화가 부활했다', 10]"
312,더 퍼스트 슬램덩크,10,"['더 퍼스트 슬램덩크', '미쳤어 미쳤다구우우우우ㅜ 돌았어', 10]"
313,더 퍼스트 슬램덩크,10,"['더 퍼스트 슬램덩크', '엄마는 왜 늙지 않는가??내가 중학생이었던 시절 그마음처럼…', 10]"
314,더 퍼스트 슬램덩크,10,"['더 퍼스트 슬램덩크', '책 보단 못하지만 숨어있던 공간을 본것 만으로도 만점입니다 ', 10]"
315,더 퍼스트 슬램덩크,10,"['더 퍼스트 슬램덩크', '학창시절 TV에서 봤던 추억이 새록새록 최고에요.', 10]"
316,더 퍼스트 슬램덩크,10,"['더 퍼스트 슬램덩크', '말이 필요없다... 슬램덩크가 농구 만화라는 것만 알고 간 내 친구도 재밌게 봄 ', 10]"
317,더 퍼스트 슬램덩크,10,"['더 퍼스트 슬램덩크', '극장판보려고 슬램덩크 공부하고 봤다 역시 대작은 대작이다', 8]"
318,더 퍼스트 슬램덩크,10,"['더 퍼스트 슬램덩크', '이노우에 다케히코 짱!', 10]"
319,더 퍼스트 슬램덩크,10,"['더 퍼스트 슬램덩크', '두근두근.. 두근구근.. 두근두근..영화 막바지 정적이 흐를 때사람들의 심장소리가 들려왔네요!', 10]"
320,더 퍼스트 슬램덩크,10,"['더 퍼스트 슬램덩크', '이노우에 다케히코 최고', 8]"
321,더 퍼스트 슬램덩크,10,"['더 퍼스트 슬램덩크', '슬램덩크에 대한 배경지식 없이도 재미있게 보고 왔습니다. 연출이 뛰어나서 2시간이 짧게 느껴졌습니다.', 8]"
322,더 퍼스트 슬램덩크,10,"['더 퍼스트 슬램덩크', '기대보다 별로였던 영화. 원작을 안봐서 그런가 농구를 안좋아해서 그런가.... 스토리 라인들을 보여주는데 공감도 안되고 지루함이 느껴졌음. 잘만든건 확실하지만 한국 특유의 물타기 효과를 톡톡히 본거 같다', 7]"
323,더 퍼스트 슬램덩크,10,"['더 퍼스트 슬램덩크', '억지 감동 좀 적당히...', 1]"
324,더 퍼스트 슬램덩크,10,"['더 퍼스트 슬램덩크', '명장면 애니로 보니 너무 재밌다  세컨드 슬램덩크도 해줘', 8]"
325,더 퍼스트 슬램덩크,10,"['더 퍼스트 슬램덩크', '되도않는 덩크가 꿈이었던 시절이...인생영화!!! ', 10]"
326,더 퍼스트 슬램덩크,10,"['더 퍼스트 슬램덩크', '그저 최고.. 그저 goat', 10]"
327,더 퍼스트 슬램덩크,10,"['더 퍼스트 슬램덩크', '감동적이다.실화입니까...', 10]"
328,더 퍼스트 슬램덩크,10,"['더 퍼스트 슬램덩크', '잘 봤습니다 한 번 더 보고 싶네요', 10]"
329,더 퍼스트 슬램덩크,10,"['더 퍼스트 슬램덩크', '보는 내내 계속 눈물이… 40대 중반 벌써 갱년긴가 ', 10]"
330,더 퍼스트 슬램덩크,10,"['더 퍼스트 슬램덩크', '대박이다...와....', 10]"
331,더 퍼스트 슬램덩크,10,"['더 퍼스트 슬램덩크', '극장가서 영화 두번보는 덕후들 이해 안가하는 사람인데 내가 그짓을 하고있네 ㅎ', 10]"
332,더 퍼스트 슬램덩크,10,"['더 퍼스트 슬램덩크', '한 10년만에 제 의지로 영화관을 찾게 되는 그런 영화였습니다 다음편이 언제 또  나올지 모르겠지만 그때는 바로 연차내서 볼께요', 10]"
333,더 퍼스트 슬램덩크,10,"['더 퍼스트 슬램덩크', '라스트 1분은 물론이고 그 전 빌드업부터 최고입니다', 10]"
334,더 퍼스트 슬램덩크,10,"['더 퍼스트 슬램덩크', '추억을 떠올리게 한것만으로도 충분하다', 10]"
335,더 퍼스트 슬램덩크,10,"['더 퍼스트 슬램덩크', '진짜 몰입하면서 봤음 꼭 보세요 그시절 감동이 밀려옵니다', 10]"
336,더 퍼스트 슬램덩크,10,"['더 퍼스트 슬램덩크', '뚫어 송태섭~!!!!', 10]"
337,더 퍼스트 슬램덩크,10,"['더 퍼스트 슬램덩크', '진짜 존나 재미있다...', 10]"
338,더 퍼스트 슬램덩크,10,"['더 퍼스트 슬램덩크', '아 미쳤다 가슴이 두근 두근....', 10]"
339,더 퍼스트 슬램덩크,10,"['더 퍼스트 슬램덩크', '일본 만화에는 낭만이 있다', 10]"
340,더 퍼스트 슬램덩크,10,"['더 퍼스트 슬램덩크', '역시 av 와 애니메이션은 일본이. ', 10]"
341,더 퍼스트 슬램덩크,10,"['더 퍼스트 슬램덩크', '집에가서 만화책 확장판 전권 다 구매해서 다시봐야지.. 감덩 또 감동...중간에 약간 지루한부분이 있긴하나 존나 재미있음...', 9]"
342,더 퍼스트 슬램덩크,10,"['더 퍼스트 슬램덩크', '작년 올해 통틀어서 최고', 10]"
343,더 퍼스트 슬램덩크,10,"['더 퍼스트 슬램덩크', '어릴적 순간들이 떠오르며 소름돋는 장면이 꾀있네요', 10]"
344,더 퍼스트 슬램덩크,10,"['더 퍼스트 슬램덩크', '평가는 다들 주관적이겠지만 너무 부풀려진듯.어릴때 만화로 본 정도의 재미나 감동은 없다. 영화 볼 돈으로 만화 빌려서 한번 더 보는게 나을듯 엔딩에 zard 노래만이라도 넣어줬으면 좋았을거 같은데', 4]"
345,더 퍼스트 슬램덩크,10,"['더 퍼스트 슬램덩크', '슬램덩크 앞 뒤 내용 하나도 모르고 봤는데 진짜 처음부터 끝까지 계속 집중햤너요 ㅜㅠ 계속 생각나서 극장가서 2번이나 봤다구여 퓨ㅠ ', 10]"
346,더 퍼스트 슬램덩크,10,"['더 퍼스트 슬램덩크', '애니보다가 울뻔한건 처음..', 10]"
347,더 퍼스트 슬램덩크,10,"['더 퍼스트 슬램덩크', '2편도 제작해주세요너무 재미있어요', 10]"
348,더 퍼스트 슬램덩크,10,"['더 퍼스트 슬램덩크', '산왕전 전까지 원작을 읽고가서 더 긴장감있게 봤음', 10]"
349,더 퍼스트 슬램덩크,10,"['더 퍼스트 슬램덩크', '월드컵 이후로 이런 짜릿함은 처음입니다', 10]"
350,더 퍼스트 슬램덩크,10,"['더 퍼스트 슬램덩크', '&amp;#34;송태섭 뚫어&amp;#34;에서 끝났다 ㄹㅇ 개지린다', 10]"
351,더 퍼스트 슬램덩크,10,"['더 퍼스트 슬램덩크', '정적을 이렇게 잘활용한 영화는 처음영화관전체가 숨죽이고 화면만보게하는마력', 10]"
352,더 퍼스트 슬램덩크,10,"['더 퍼스트 슬램덩크', '시작할때부터 끝날때까지 울면서 봤다..', 10]"
353,더 퍼스트 슬램덩크,10,"['더 퍼스트 슬램덩크', '옛날 학창시절의 나로 돌아가 가슴벅참을 느낌 ~~ 그시절 슬램덩크 입문하게 도와준 오빠에게 감솨 ♡', 10]"
354,더 퍼스트 슬램덩크,10,"['더 퍼스트 슬램덩크', '기존 스토리도 잘 살린 상태에서 새로운 스토리를 잘 삽입하여 감동과 신선함이 함께 있음.마지막 장면의 소리 연출도 긴장감을 극대화하기에 좋았음', 10]"
355,더 퍼스트 슬램덩크,10,"['더 퍼스트 슬램덩크', '짝짝짝 너무 감동이었어요오랜친구를 만나고 온 느낌 최고', 10]"
356,더 퍼스트 슬램덩크,10,"['더 퍼스트 슬램덩크', '이것이 아니메다!', 9]"
357,더 퍼스트 슬램덩크,10,"['더 퍼스트 슬램덩크', '지린다....울었다', 10]"
358,더 퍼스트 슬램덩크,10,"['더 퍼스트 슬램덩크', '강백호. 최고♡너무 감동적이였어요.', 10]"
359,더 퍼스트 슬램덩크,10,"['더 퍼스트 슬램덩크', '보는 내내 전율이 와 참을수가 없었다', 10]"
360,더 퍼스트 슬램덩크,10,"['더 퍼스트 슬램덩크', '후회 안하니까 당장 달려가서 보십시오.', 10]"
361,더 퍼스트 슬램덩크,10,"['더 퍼스트 슬램덩크', '끝날때 한분이 박수치니 따라들 박수치고 나왔다. 추억이새록새록 좋았어요', 8]"
362,더 퍼스트 슬램덩크,10,"['더 퍼스트 슬램덩크', '중간에 화장실을 가고 싶은 마음이 있었지만, 그것도 참을만큼 내 인생작을 찢어버렸다ㄷㄷ...', 10]"
363,더 퍼스트 슬램덩크,10,"['더 퍼스트 슬램덩크', '미친작화와 과거생각이나서 자꾸눈물이맺혔네요  ', 10]"
364,더 퍼스트 슬램덩크,10,"['더 퍼스트 슬램덩크', '만화를 안보고 처음 영화를 봤는데진짜 재밌게 봤어요 공 소리가 벅차오르더군요….완전 강력추천합니다!!!', 10]"
365,더 퍼스트 슬램덩크,10,"['더 퍼스트 슬램덩크', '인물이 살아움직인다.', 10]"
366,더 퍼스트 슬램덩크,10,"['더 퍼스트 슬램덩크', '하 방금 심야로 보고왔는데 진짜너무 재밌어요.. 태섭이형 후반 돌파 뚫었을때진짜 감동적이여뜸 라스트 1분은 진짜영화관 숨소리도 안들리고 ㅠㅠ', 10]"
367,더 퍼스트 슬램덩크,10,"['더 퍼스트 슬램덩크', '남자들의 심장이 뛴다...', 10]"
368,더 퍼스트 슬램덩크,10,"['더 퍼스트 슬램덩크', '작화가 미쳤음', 10]"
369,더 퍼스트 슬램덩크,10,"['더 퍼스트 슬램덩크', '또 보고 싶다!또 보고 싶다!또 보고 싶다!', 10]"
370,더 퍼스트 슬램덩크,10,"['더 퍼스트 슬램덩크', '슬램덩크만이 가진 감성을 다시 한번 느낄 수 있었다.스토리는 뻔하지만 아는 맛이 무섭다는 말도 있듯 명작이었다.영상도 영상이지만 매 상황에 맞는 음악이 정말 매력적이었음.', 10]"
371,더 퍼스트 슬램덩크,10,"['더 퍼스트 슬램덩크', '최고의 영화입니다...', 10]"
372,더 퍼스트 슬램덩크,10,"['더 퍼스트 슬램덩크', '3회차 관람이지만 또 보고싶네요!!', 10]"
373,더 퍼스트 슬램덩크,10,"['더 퍼스트 슬램덩크', '재미있었어요~ 굿', 10]"
374,더 퍼스트 슬램덩크,10,"['더 퍼스트 슬램덩크', '만화를 본적없어 백지 상태로 봤는데 눈물나게 슬프거나 감동까진 아니고 응원하게 되는 영화', 8]"
375,더 퍼스트 슬램덩크,10,"['더 퍼스트 슬램덩크', '하….. 개명작 슬램덩크…', 10]"
376,더 퍼스트 슬램덩크,10,"['더 퍼스트 슬램덩크', '완벽한 영화인것같음 완벽하다는말밖에 안나옴', 10]"
377,더 퍼스트 슬램덩크,10,"['더 퍼스트 슬램덩크', '산왕과의 경기가 끝나기까지 마지막 10초 남짓한 시간을 0.01초 단위로 쪼개서 스피디하게 속도감을 표현한 장면은 10번이고 20번이고 다시 보고 싶다. 왼손은 거들뿐이라는 강백호의 읊조림은 슬램덩크 팬이라면 무음이어도 들렸을 것이다 감동이 폭발하고 끝을 알기 때문에 다시 가슴이 쓰라렸다.. 꼭 그렇게 서둘러 끝내야만 했나요?... 백호라는 어리고 출중한 선수를 그렇게 빨리 내려놓게 만들면서 까지... 슬램덩크를 멈춰야만 했는지.. 가장 좋아하지만 그래서 가장 아쉬움과 여운이 많이 남는 만화', 9]"
378,더 퍼스트 슬램덩크,10,"['더 퍼스트 슬램덩크', '명작입니다. 자신있게 추천드립니다.', 10]"
379,더 퍼스트 슬램덩크,10,"['더 퍼스트 슬램덩크', '2시간안에 스토리를 다넣기는 부족했지만변덕규 안나와서 섭섭했다 ㅋㅋ산왕전보다  송태섭 이야기였으니 뭐즐겁게 봤네  아~~~~', 10]"
380,더 퍼스트 슬램덩크,10,"['더 퍼스트 슬램덩크', '원작을 모르고 봤지만 왜 그리운 느낌이 드는지 모르겠고 그저 가슴 뛰었던 영화', 10]"
381,더 퍼스트 슬램덩크,10,"['더 퍼스트 슬램덩크', '아이들과 다시 봐야하는데 언제까지 할것인가?', 10]"
382,더 퍼스트 슬램덩크,10,"['더 퍼스트 슬램덩크', '옛날 만화책에서 보던 캐릭터에 음악과 에니메이션으로 생명을 불어 넣었다. ', 10]"
383,더 퍼스트 슬램덩크,10,"['더 퍼스트 슬램덩크', '추억 재탕이긴 하지만 최고다', 10]"
384,더 퍼스트 슬램덩크,10,"['더 퍼스트 슬램덩크', '무적권 10점 진짜 가슴을 울린다', 10]"
385,더 퍼스트 슬램덩크,10,"['더 퍼스트 슬램덩크', '농구에 열광하던 젊은이들은 이제 부모가 되었고 그들의 자식들은 다시 농구에 열광하게 만든 영화', 10]"
386,더 퍼스트 슬램덩크,10,"['더 퍼스트 슬램덩크', '옛날 생각도 나고 진지한데 재미있네요 무대인사 있어서 가수 박상민도 봤습니다ㅋ 남녀노소 강력 추천드립니다', 10]"
387,더 퍼스트 슬램덩크,10,"['더 퍼스트 슬램덩크', '강백호 겁나 멋있음또보고싶음', 10]"
388,더 퍼스트 슬램덩크,10,"['더 퍼스트 슬램덩크', '기대 이상으로 재밌게 봤습니다. 애니로 농구하판을 제대로 표현했네요', 10]"
389,더 퍼스트 슬램덩크,10,"['더 퍼스트 슬램덩크', '그냥 미쳤습니다 꼭 보세요', 10]"
390,더 퍼스트 슬램덩크,10,"['더 퍼스트 슬램덩크', '진짜 찡했습니다 꼭 극장에서 보세요 처음 스케치부분 감동먹었습니다 한번만보지마시고 꼭 다회차 관람하세요!', 10]"
391,더 퍼스트 슬램덩크,10,"['더 퍼스트 슬램덩크', '울다가 오열했다. 알고봐도 최고', 10]"
392,더 퍼스트 슬램덩크,10,"['더 퍼스트 슬램덩크', '아들과 함께 볼수 있는 감동적인 영화입니다', 10]"
393,더 퍼스트 슬램덩크,10,"['더 퍼스트 슬램덩크', '원작 장면 아니었음 졸작 과거 화상신 최악 늘어지고 적막하고', 2]"
394,더 퍼스트 슬램덩크,10,"['더 퍼스트 슬램덩크', '벅차오르는 감동 그 자체', 10]"
395,더 퍼스트 슬램덩크,10,"['더 퍼스트 슬램덩크', '너무 좋았다 보는내내 행복했다', 10]"
396,더 퍼스트 슬램덩크,10,"['더 퍼스트 슬램덩크', '다음에는 다른 캐릭의 이야기를.', 10]"
397,더 퍼스트 슬램덩크,10,"['더 퍼스트 슬램덩크', '감동,재미  그 잡채!옛 생각도 나고 대사들도 와 닿고 뭔가 울컥하던데요', 10]"
398,더 퍼스트 슬램덩크,10,"['더 퍼스트 슬램덩크', '생각보다 재미 없었어요~약간 뻔한 스토리중간중간 지루한 부분도 있고..너무 기대했나봐요..', 2]"
399,더 퍼스트 슬램덩크,10,"['더 퍼스트 슬램덩크', '옛 추억이 새록새록', 10]"
400,더 퍼스트 슬램덩크,10,"['더 퍼스트 슬램덩크', '이건 그냥봐야함 말이필요없음', 10]"
401,더 퍼스트 슬램덩크,10,"['더 퍼스트 슬램덩크', '가슴에 불을 지피는 만점 영화', 10]"
402,더 퍼스트 슬램덩크,10,"['더 퍼스트 슬램덩크', '슬램덩크를 처음 보는 사람이지만 그 캐릭터의 서사등을 알려주니 그 캐릭터 내의 마음을 이해하기도 쉽고 엄청난 액션이 벌어지는 농구 시합이다보니깐 넋을 놓고 보게되었다..', 10]"
403,더 퍼스트 슬램덩크,10,"['더 퍼스트 슬램덩크', '너무재밌고 감동적인 영화이다', 10]"
404,더 퍼스트 슬램덩크,10,"['더 퍼스트 슬램덩크', '너무재밌고 감동적인 영화이다', 10]"
405,더 퍼스트 슬램덩크,10,"['더 퍼스트 슬램덩크', ' 평점 잘 안남기는 내가 남기는 유일할 영화', 10]"
406,더 퍼스트 슬램덩크,10,"['더 퍼스트 슬램덩크', '인생작입니다.이것보다 더 감동적이고 재밌는 영화가 있을까 생각됩니다. 방금 보고 나와서 진정이.안된채로 리뷰 씁니다슬램덩크 아예 모르고 본 사람이에요.강추!', 10]"
407,더 퍼스트 슬램덩크,10,"['더 퍼스트 슬램덩크', '만화책엔 많이 못 미치지만,그래도 많이 신경쓴 흔적이 있었어요정말 재밌게 보고 왔습니다오랜만에 피 끓는 느낌', 10]"
408,더 퍼스트 슬램덩크,10,"['더 퍼스트 슬램덩크', '와~감동입니다. 몰입감 장난아님. 아는내용인데 나도모르게 눈에서 땀이나오고 있었다.', 10]"
409,더 퍼스트 슬램덩크,10,"['더 퍼스트 슬램덩크', '처음에는 살짝 노잼이였다가 점점 꿀잼집중하게 보고 재미있음', 10]"
410,더 퍼스트 슬램덩크,10,"['더 퍼스트 슬램덩크', '여자친구가 강백호도 모르는데 보고나서 너무 재밌다고 난리임ㅋㅋㅋㅋ.  30대인 저도 기대 안하고 봤다가 나도 아직 심장이 뛰고 있다는걸 느낌. 솔직이 요즘 아봤다2 잠교섭 이런것보다 휠씬 재밌슴. 9점대 평가 그냥 오는거 아님. 역주행 오지게 탈것 예삼함.', 10]"
411,더 퍼스트 슬램덩크,10,"['더 퍼스트 슬램덩크', '명작이지만 보지 않다가, 어른이 된 지금의 내가 이걸 처음 봐서 얼마나 다행인지숨막혔어요 경기장에 내가 앉아있었다니까요!', 10]"
412,더 퍼스트 슬램덩크,10,"['더 퍼스트 슬램덩크', '진짜 그냥 완벽...농구 1도 모르는데 진짜 재밌겠봤음 기승전결이 아주 한국인들이 좋아하는!! 강추합니다아', 10]"
413,더 퍼스트 슬램덩크,10,"['더 퍼스트 슬램덩크', '와 간만에 집중하고 애니매이션 봤어요 ', 10]"
414,더 퍼스트 슬램덩크,10,"['더 퍼스트 슬램덩크', '너무 감동적이고 재밌어요 ㅠㅠ', 10]"
415,더 퍼스트 슬램덩크,10,"['더 퍼스트 슬램덩크', '슬램덩크를 이번에 처음 접하게 되었는데 너무 재밌게 봄', 10]"
416,더 퍼스트 슬램덩크,10,"['더 퍼스트 슬램덩크', '응 혐한 안중근 유관순~', 2]"
417,더 퍼스트 슬램덩크,10,"['더 퍼스트 슬램덩크', '쵝호… 청춘이다 정말……', 10]"
418,더 퍼스트 슬램덩크,10,"['더 퍼스트 슬램덩크', '작화가 진짜 미치긴함 오히려 송태섭파트가 좀 작위적인 느낌이 들긴하는데 그래도 명작은 명작', 10]"
419,더 퍼스트 슬램덩크,10,"['더 퍼스트 슬램덩크', '나이 먹어도 너희들은 그대로구나나도 멈추지 않을께 고마워 ', 10]"
420,더 퍼스트 슬램덩크,10,"['더 퍼스트 슬램덩크', '이게 농구지... 라는 감탄사밖에...세상에서 가장 긴 1분은 농구의 1분이라고...90년대 조던의 농구를 봤던 사람은 그 느낌을 알 거라고...그 느낌이 그대로 이 슬램덩크에 재현되어 너무 감동적. ㅠㅠ', 10]"
421,더 퍼스트 슬램덩크,10,"['더 퍼스트 슬램덩크', '2023년 최고의 짜릿함....!', 10]"
422,더 퍼스트 슬램덩크,10,"['더 퍼스트 슬램덩크', '이노우에 감독은 우리에게 3배로 갚아 주었다….', 10]"
423,더 퍼스트 슬램덩크,10,"['더 퍼스트 슬램덩크', '다 필요없다. 농구공 튀기는 소리만 들어도 가슴이 뛴다. ', 10]"
424,더 퍼스트 슬램덩크,10,"['더 퍼스트 슬램덩크', '학생때 만화책을 보면서 느낀 감동을 배로 받았다', 9]"
425,더 퍼스트 슬램덩크,10,"['더 퍼스트 슬램덩크', '올만에 극장가서 재미나게 봣음', 10]"
426,더 퍼스트 슬램덩크,10,"['더 퍼스트 슬램덩크', '더빙판이 좋은 영화였다. 그리고 나의 청춘은 아직 저곳에 있었다', 10]"
427,더 퍼스트 슬램덩크,10,"['더 퍼스트 슬램덩크', '진짜 ㄹㅈㄷ 연출이 쩐다', 10]"
428,더 퍼스트 슬램덩크,10,"['더 퍼스트 슬램덩크', '영화관 좌석에 엉덩이 대는 순간부터 인트로 장면에서 주인공 5명이 스케치 되는 장면 부터 글로 설명하기엔 벅찬 감동과 목이 메이는 향수가 있었습니다어느덧 그들과 비슷한 자녀를 둔 나이가 되었지만 그들은 영원한 나의 멘토 같네요이미 극장에 들어가는 순간 부터 객관성을 잃었지만 우에이노의 연출은 정말 미친 듯 합니다', 10]"
429,더 퍼스트 슬램덩크,10,"['더 퍼스트 슬램덩크', '와 마지막 명장면은 진짜.... 숨을 안쉬고 있는 본인을 발견..의식대서 숨을 쉬어볼라고 하는데 안쉬어짐;; 눈물도 그렁그렁 맺힘.. 아들이랑 보러갔는데 감동그잡채입니다!!', 10]"
430,더 퍼스트 슬램덩크,10,"['더 퍼스트 슬램덩크', '내 인생의 마지막 슬램덩크', 10]"
431,더 퍼스트 슬램덩크,10,"['더 퍼스트 슬램덩크', '슬램덩크는 그냥 전설 그 자체다…', 10]"
432,더 퍼스트 슬램덩크,10,"['더 퍼스트 슬램덩크', '진짜...스토리는 물론이고 오랜만에 몰입감있게 봤다. 서태웅이랑 정대만 존잘', 10]"
433,더 퍼스트 슬램덩크,10,"['더 퍼스트 슬램덩크', '재밌게 봤습니다~ 볼만했어요', 10]"
434,더 퍼스트 슬램덩크,10,"['더 퍼스트 슬램덩크', 'ㄹㅇ로 이렇게 소름돋는 영화는 처음', 10]"
435,더 퍼스트 슬램덩크,10,"['더 퍼스트 슬램덩크', '온 가족 재미있게 볼 수 있는 영화', 10]"
436,더 퍼스트 슬램덩크,10,"['더 퍼스트 슬램덩크', '나보다도 형들이었는데, 이젠 나보다 20살이나 넘게 어리네진심으로 그리웠어요 형님들^^', 10]"
437,더 퍼스트 슬램덩크,10,"['더 퍼스트 슬램덩크', '세대들 간의 벽을  뚫고 지나가는 영화같아요.자막으로만 3번 봐도 늘 새로운 점들이 보이고 똑같은 포인트에서 계속 소름돋기도 하지만 처음 봤을 때의 감동을 잊지 못해요. 눈물이 있어서 처음부터 살짝 찔금했는 데 하이라이트 부분에는 숨도 못 쉬고 울었습니다. 진작에 엄마 말 듣고 슬램덩크 볼 껄 그랬어요. 눈 뜨면 송태섭이 드리블하고 있어요. 2시간 끝나고도 나오면서도 시선 신경 안 쓰고 엉엉 울었습니다. 최근 본 모든 영화 중에서 최고였어요. 또 보러갈 까 고민 중입니다. 이미지에 맞는 성우분들의 연기력도 최고였어요. 오프닝부터 만화에서 역동감 넘치던 그림이 마치 살아 숨쉬는 것같아서 더 좋았습니다. ', 10]"
438,더 퍼스트 슬램덩크,10,"['더 퍼스트 슬램덩크', '중간중간 너무 끊어서 별루였음 계속좀이어서 보여주는게 낳을거같음', 6]"
439,더 퍼스트 슬램덩크,10,"['더 퍼스트 슬램덩크', '영화 끝나고 맨 처음 내뱉은 말: 와 지렸다.', 10]"
440,더 퍼스트 슬램덩크,10,"['더 퍼스트 슬램덩크', '인터넷에 글 잘 안올리느데....더 퍼스트 슬램덩크 평점 평균은 꼭 올려야 겠습니다. 10점! 이 정도 퀄리티로 아주 시리즈로 나와주면 어디서 무슨 일을 하든 아주 살 맛 날 것습니다.쵝오-! ', 10]"
441,더 퍼스트 슬램덩크,10,"['더 퍼스트 슬램덩크', '그때 그 추억생생하게 움직이는 만화 속 인물들', 10]"
442,더 퍼스트 슬램덩크,10,"['더 퍼스트 슬램덩크', '슬램덩크 쵝5 인생최고의 영화', 10]"
443,더 퍼스트 슬램덩크,10,"['더 퍼스트 슬램덩크', '쉬 ㅈㄴ 매려워서 쿠키 못봤어요 근데 레알 가슴이 벅차오르는.... 하', 9]"
444,더 퍼스트 슬램덩크,10,"['더 퍼스트 슬램덩크', '10점을 안줄수가 없다..', 10]"
445,더 퍼스트 슬램덩크,10,"['더 퍼스트 슬램덩크', '시간 더럽게 아까움...다 아는내용...완전 신파도 아니고..', 2]"
446,더 퍼스트 슬램덩크,10,"['더 퍼스트 슬램덩크', 'ㅠㅠ 존나재밋듬마지막 장면만 다시 보고 싶다', 10]"
447,더 퍼스트 슬램덩크,10,"['더 퍼스트 슬램덩크', '잼있네여 진심이요 남자라면 꼭보세요', 10]"
448,더 퍼스트 슬램덩크,10,"['더 퍼스트 슬램덩크', '한번 더 보고 싶음', 10]"
449,더 퍼스트 슬램덩크,10,"['더 퍼스트 슬램덩크', '자막은 평작 더빙은 망작', 7]"
450,더 퍼스트 슬램덩크,10,"['더 퍼스트 슬램덩크', '기.승.전.결 스토리는 그냥 슬램덩크가 미세하게 더좋았지만연출등 모든부분이 좋았어요', 10]"
451,더 퍼스트 슬램덩크,10,"['더 퍼스트 슬램덩크', '감동이 있습니다.꼭 보세요', 10]"
452,더 퍼스트 슬램덩크,10,"['더 퍼스트 슬램덩크', '오랜만에 벅차올랐어요 고마워요', 10]"
453,더 퍼스트 슬램덩크,10,"['더 퍼스트 슬램덩크', '진짜미쳤네요 ... 원작 안보고 봤는데도 너무 재밌었음 .... 원작보러가야겠어요', 10]"
454,더 퍼스트 슬램덩크,10,"['더 퍼스트 슬램덩크', '기대보단 조금 재미없었지만 그래도 볼만했다', 5]"
455,더 퍼스트 슬램덩크,10,"['더 퍼스트 슬램덩크', '농구에 크게 관심이 없어도 재밌게 볼 수 있는 영화인 것 같다!', 8]"
456,더 퍼스트 슬램덩크,10,"['더 퍼스트 슬램덩크', '현장감 최고.. 내가 직접 산왕과 맞붙는느낌.. 주고객처인 3040들이 인생의 많은 위안을 받을듯', 10]"
457,더 퍼스트 슬램덩크,10,"['더 퍼스트 슬램덩크', '90년도 옛날의 감동이 생각나서 좋았습니다.Ost도 넘나 좋구요송태섭 드리블 돌파 장면 짱짱!', 10]"
458,더 퍼스트 슬램덩크,10,"['더 퍼스트 슬램덩크', '세종시 CGV. 2월4일 토요일 오후 3시45분. I열 13번 여자분..  자신의 앞에 사람도 없는데 자세를 앞으로 하다보니 뒷자리 자막이 안보였습니다. 제 키가 180 이 넘는데 어찌나 머리를 앞에서 G랄을 떨다보니 자막 안보여서 정말 짜증 이빠이였습니다. 제발 담부터 대가리 뒤로 하고 보시길.. 영화관 첨 온것도 아닐텐데.. 어휴..  영화는 정말 좋았습니다. 애니같지 않은 애니.. ', 10]"
459,더 퍼스트 슬램덩크,10,"['더 퍼스트 슬램덩크', '확실히 기대했던거 만큼 재미와 감동이있습니다.근데 슬램덩크 만화 안본사람 제발 가지마세요.민폐부릴꺼면 제발 보지마세요. 다른사람에게 피해끼칩니다.', 10]"
460,더 퍼스트 슬램덩크,10,"['더 퍼스트 슬램덩크', '원작 슬램덩크를 모르고 봐도 재밌음', 10]"
461,더 퍼스트 슬램덩크,10,"['더 퍼스트 슬램덩크', '가슴이 너무 웅장해져서 F컵이 될 것 같습니다', 10]"
462,더 퍼스트 슬램덩크,10,"['더 퍼스트 슬램덩크', '산왕전을 높은 질의 애니메이션으로 볼 수 있었다는 것도 즐거움이지만, 개인적으로는 우리나라 번역판에 굳이 일본어로 No.1 가드 라고 써달라고 작가가 주장했는지 알 수 있어 좋았다. 개인적으로 송태섭의 이야기가 너무 궁금했는데 송태섭을 중심으로 아야기가 펼쳐진 점도 좋았다. 슬램덩크를 모르는 사람도 재밌게 볼 수 있지만 원작을 봤던 사람이라면 다른 맛으로 또 볼 수 있는 작품이다.', 9]"
463,더 퍼스트 슬램덩크,10,"['더 퍼스트 슬램덩크', '걍 개지림하나도 모르는데엉엉 울고나옴', 10]"
464,더 퍼스트 슬램덩크,10,"['더 퍼스트 슬램덩크', '지금이 나의 전성기 불꽃남자 정대만 ', 10]"
465,더 퍼스트 슬램덩크,10,"['더 퍼스트 슬램덩크', '어이없었다눈물포인트가없는데 5번 눈물이나왔다그냥 눈물이 나왔다…ㅎ', 10]"
466,더 퍼스트 슬램덩크,10,"['더 퍼스트 슬램덩크', '재밌습니다!', 10]"
467,더 퍼스트 슬램덩크,10,"['더 퍼스트 슬램덩크', '신랑 4번 나 2번봄재밌다', 10]"
468,더 퍼스트 슬램덩크,10,"['더 퍼스트 슬램덩크', '안보신분 있으면 꼭 보세요 진짜 재밌습니다~!', 10]"
469,더 퍼스트 슬램덩크,10,"['더 퍼스트 슬램덩크', '다시만나 반갑다..역시 최고구나 너희들은', 10]"
470,더 퍼스트 슬램덩크,10,"['더 퍼스트 슬램덩크', '예전에 감동이 다시 살아나네요.', 10]"
471,더 퍼스트 슬램덩크,10,"['더 퍼스트 슬램덩크', '원작도 보시길 바랍니다 ', 10]"
472,더 퍼스트 슬램덩크,10,"['더 퍼스트 슬램덩크', '어릴적 친오빠 어깨 너머로 마주했던 주인공들을 어른이 되어 만나보니 사람들의 그리워한 이유를 알 수 있었다 송태섭이 이 영화의 화자가 되니 새로운 시각으로 슬램덩크를 볼 수 있었고 새로운 영화를 본 것 같았다 영상미의 발달이 오히려 이질감이 들어 아쉬웠고 옛날 그림체가 그립기도 했다', 10]"
473,더 퍼스트 슬램덩크,10,"['더 퍼스트 슬램덩크', '내 인생영화.... 다시봐야지', 10]"
474,더 퍼스트 슬램덩크,10,"['더 퍼스트 슬램덩크', '감성팔이 장면 너무 많아', 1]"
475,더 퍼스트 슬램덩크,10,"['더 퍼스트 슬램덩크', '한번으로 안끝나 못끝내 이거', 10]"
476,더 퍼스트 슬램덩크,10,"['더 퍼스트 슬램덩크', '슬램덩크를 안봤었는데도 재미있었다.', 10]"
477,더 퍼스트 슬램덩크,10,"['더 퍼스트 슬램덩크', '보면 볼수록 재밌다... 동시에 감동적이다', 8]"
478,더 퍼스트 슬램덩크,10,"['더 퍼스트 슬램덩크', '존잼존잼 스토리 몰라도 봐도 됨 최고', 10]"
479,더 퍼스트 슬램덩크,10,"['더 퍼스트 슬램덩크', '인생 농구경기를 극장에서 보고 왔습니다', 10]"
480,더 퍼스트 슬램덩크,10,"['더 퍼스트 슬램덩크', '제 나이 또래가 느끼는 추억 보정빨이 대부분이라 여기지만 당시 만들어 주지 않았던 산왕전을 움직이는 애니로 만들어준것 자체에 감사합니다~ 그리고 90년대 슬램덩크는 솔찍히 당시 일본애니 특징이긴 하나 너무 질질끄는 경우가 많아 지루했었고 작화도 생각보다 별로여서 당시에도 저는 잘보진 않았습니다. 근데 기술이 발전해서 인지 큰 이질감 없이 잘보았고 개봉초반에 보아서 자막버전은 시간이 안맞아 더빙으로 보았지만 잘보았습니다. ', 10]"
481,더 퍼스트 슬램덩크,10,"['더 퍼스트 슬램덩크', '제임스 카메론은 아바타 세계관을 일찌감치 구성했으나 기술의 한계로 2008년도에 선보일 수 있었다. 더 퍼스트 슬램덩크도 기술의 진보로 2022년도에 나오게 됐고 경기장의 장면은 실제 농구 경기를 직관한듯한 체험을 하게 만든다. 20세기 만화책은 패기 넘친 작가의 스포츠물과 청춘물의 혼합이었다면 21세기 영화는 원숙한 작가의 스포츠물과 가족물의 혼합이다.아쉬운 점이 없는건 아니지만 원작에 누가 되지 않는 영화다.', 10]"
482,더 퍼스트 슬램덩크,10,"['더 퍼스트 슬램덩크', '역시 슬램덩크 사쿠라기 하나미치', 10]"
483,더 퍼스트 슬램덩크,10,"['더 퍼스트 슬램덩크', '정말 좋아해 너희의 농구를', 10]"
484,더 퍼스트 슬램덩크,10,"['더 퍼스트 슬램덩크', '슬램덩크는 이 영화로 완성된다', 10]"
485,더 퍼스트 슬램덩크,10,"['더 퍼스트 슬램덩크', '지루해요 ㅜㅜ 과거 이야기 나올때마다 졸았어요', 2]"
486,더 퍼스트 슬램덩크,10,"['더 퍼스트 슬램덩크', '송태섭권준호채치수정대만서태웅강백호사랑한다', 10]"
487,더 퍼스트 슬램덩크,10,"['더 퍼스트 슬램덩크', '팬이 아니라 그런지 재미없었어요 ㅡㅡ ', 2]"
488,더 퍼스트 슬램덩크,10,"['더 퍼스트 슬램덩크', '만화랑 애니메이션이랑 교차되면서 농구하는 씬은 레전드였습니다', 10]"
489,더 퍼스트 슬램덩크,10,"['더 퍼스트 슬램덩크', '슬램덩크 보던 안보던 진짜 명작임...;; 메시도 좋아할만한 영화임 ㅋㅋㅋㅋ 진짜 명작', 10]"
490,더 퍼스트 슬램덩크,10,"['더 퍼스트 슬램덩크', '지극히 주관적인 감상평이지만.. 조금 끄적여보자면 연출이나 작화는 정말 재밌게 본 것 같습니다. 하지만 개인적으로 경기 흐름이 쭉 이어지길 원했는데 그러지 않아서 조금 아쉬웠던 것 같습니다. 중간에 삽입된 장면들이 꽤 많아서 흐름이 끊기고 조금 정신 없다는 느낌을 받은 것 같기도 합니다. 하지만 중간중간에 삽입된 그 장면들 덕분에 등장인물들을 더 잘 이해할 수 있었고, 그덕에 경기하는 장면에선 더욱 몰입하여 감상할 수 있지 않았나 싶습니다. 현실과 거의 똑같은 공의 움직임, 선수들의 움직임과 경기흐름, 효과음과 사운드 등 여러 요소 덕분에 보는 내내 정말 경기장 관중석에 있는 것 처럼 몰입하여 봤고, 전율을 받았습니다. 보면서 오랜만에 농구 한 판 하고싶다는 생각이 들었던 영화였습니다.', 8]"
491,더 퍼스트 슬램덩크,10,"['더 퍼스트 슬램덩크', '진짜 보셈 한번보고 두번보고 세번보세요 ', 10]"
492,더 퍼스트 슬램덩크,10,"['더 퍼스트 슬램덩크', '재밌게 잘 봤습니다 만화책만으로는 담을수 없었던 내용을 영상으로 보니 좋네요ㅎㅎ', 10]"
493,더 퍼스트 슬램덩크,10,"['더 퍼스트 슬램덩크', '진짜 재밋음 최근 본 영화중 젤로 재밋게 봤어요...', 10]"
494,더 퍼스트 슬램덩크,10,"['더 퍼스트 슬램덩크', '슬램덩크 극장판이라니...진짜 최고의 세상이다...공 드리블 할 때마다 내 심장 드리블됨..', 10]"
495,더 퍼스트 슬램덩크,10,"['더 퍼스트 슬램덩크', '기억 속 서태웅목소리와 달라서 어색했지만 재밋었음ㅋㅋ태웅아 누난 늙었는데 넌 아직 고딩이구나ㅋㅋㅋ', 10]"
496,더 퍼스트 슬램덩크,10,"['더 퍼스트 슬램덩크', '채색스타일이 마커느낌이라 더 좋았음', 10]"
497,더 퍼스트 슬램덩크,10,"['더 퍼스트 슬램덩크', '이걸 한번만 볼 수 있는 사람이 신기하다.스토리.. 작화,연출,음향 뭐하나 빠지지않고감동적. 여러모로 대단한 영화', 10]"
498,더 퍼스트 슬램덩크,10,"['더 퍼스트 슬램덩크', '만들러줘서 너무 감사합니다', 10]"
499,더 퍼스트 슬램덩크,10,"['더 퍼스트 슬램덩크', '최고였습니다 두번 본 영화 십년만에 처음임', 10]"
500,더 퍼스트 슬램덩크,10,"['더 퍼스트 슬램덩크', '내면의 나약함과 자기의심, 절망 등 나 자신과 싸워 극복해나가는 과정에 저도 모르게 눈물이 흘렀습니다. 최고의 작품.', 10]"
501,더 퍼스트 슬램덩크,10,"['더 퍼스트 슬램덩크', '송태섭에 대한 부채의식이 없어졌네요.', 8]"
502,더 퍼스트 슬램덩크,10,"['더 퍼스트 슬램덩크', '요즘 애니 보고도 왜 이리 눈물이 나는지...나도 늙었나보다 ㅠ', 10]"
503,더 퍼스트 슬램덩크,10,"['더 퍼스트 슬램덩크', '그냥 미쳤다...너무 재밌습니다.와(그저 감탄뿐...)', 10]"
504,더 퍼스트 슬램덩크,10,"['더 퍼스트 슬램덩크', '원작을 모르고 보면 재미 알고 보면 감동', 10]"
505,더 퍼스트 슬램덩크,10,"['더 퍼스트 슬램덩크', '빤스 챙겨가야되는 영화. ㅎ', 10]"
506,더 퍼스트 슬램덩크,10,"['더 퍼스트 슬램덩크', '너무 너무 재미있어요!!', 10]"
507,더 퍼스트 슬램덩크,10,"['더 퍼스트 슬램덩크', '그냥 최고!!! 이것은 최고!', 10]"
508,더 퍼스트 슬램덩크,10,"['더 퍼스트 슬램덩크', 'ㅈㄴ 재밌음 ost 미침', 10]"
509,더 퍼스트 슬램덩크,10,"['더 퍼스트 슬램덩크', '슬램덩크는 그냥 만화가 아니지 ㅠ 슬램덩크 모르는 여자들 백호 등 다쳤을때 낄낄대고 웃던데 스토리를 모르니 그러려니 했지만 몰입감깨져 개빡침 후아', 10]"
510,더 퍼스트 슬램덩크,10,"['더 퍼스트 슬램덩크', '연출도 좋고 움직임이 ㄹㅇ스무스', 10]"
511,더 퍼스트 슬램덩크,10,"['더 퍼스트 슬램덩크', '노재팬의 상징 40대가 드래곤볼과 더불어 제일 좋아하는 문화 투탑ㅋㅋㅋ', 6]"
512,더 퍼스트 슬램덩크,10,"['더 퍼스트 슬램덩크', '슬램덩크 세대 였음에도 그림체가 안 땡겨 안 봤었습니다. TV애니 작화가 여전히 안 땡겨 대략 10편 보다가 이번 영화를 봤는데, 송태섭 케릭터를 모르고 봤음에도 재미있더군요. 앞으로도 캐릭터 별로 계속 작품이 나왔으면 좋겠어요~', 7]"
513,더 퍼스트 슬램덩크,10,"['더 퍼스트 슬램덩크', '첫 스케치 등장씬과 ost 에서 소름이 쫙~이미 감동 그 잡채', 10]"
514,더 퍼스트 슬램덩크,10,"['더 퍼스트 슬램덩크', '가슴속깊은곳에서 놀라오는 눙물...', 10]"
515,더 퍼스트 슬램덩크,10,"['더 퍼스트 슬램덩크', '내 인생 최고의 영화! 슬램덩크의 감동을 다시 한 번 느낄 수 있었다!! ', 10]"
516,더 퍼스트 슬램덩크,10,"['더 퍼스트 슬램덩크', '1oso님이 알바겠죠.  재밌으니까 좋은 평을 남기겠죠. 그러니까 알바니 뭐니 하시마세요. 그리고 잘 나가면 알바다 알바니까 이런 글 쓰겠지라고 하지 마시고 그냥 재미없으면 없다고만 하세요 알바라고 하지 마세요. 암튼 재밌게 안 보셨으면 그럼 다음에 아바타 보세요 재미있을 거예요. 전 재미있게 봤으니까 10점 주고 갑니다 ', 10]"
517,더 퍼스트 슬램덩크,10,"['더 퍼스트 슬램덩크', '남편이 보자고 해서 넷x릭스에서 예습하고 보고 왔어요! 덕분에 슬램덩크 팬이 됐습니다!', 10]"
518,더 퍼스트 슬램덩크,10,"['더 퍼스트 슬램덩크', '추억의 슬램덩크, 더욱 완성된 그림체에 감탄이 나옴. 송태섭의 비하인드 스토리와 산왕전 그 후까지 궁금했던 이야기들이 흥미진진.', 10]"
519,더 퍼스트 슬램덩크,10,"['더 퍼스트 슬램덩크', '너무 기대했나...졸다 보다...졸다  언제 끝나나 시간만 봄. 지루함', 4]"
520,더 퍼스트 슬램덩크,10,"['더 퍼스트 슬램덩크', '그냥 소름이었음...', 10]"
521,더 퍼스트 슬램덩크,10,"['더 퍼스트 슬램덩크', '나쁘진 않았지만 너무 기대가 컸던거 같네요.', 8]"
522,더 퍼스트 슬램덩크,10,"['더 퍼스트 슬램덩크', '만화책으로 봤던 추억의 슬램덩크를 남편과 중3아들과 같이 봤어요주인공 강백호의 이야기가 아닌 송태섭의 유년시절과 현재까지의 이야기로 잔잔한 감동과 재미가 있어요~', 10]"
523,더 퍼스트 슬램덩크,10,"['더 퍼스트 슬램덩크', '30대 젊은 층이 좋아할 영화로서 가볍게 보면 좋은 영화', 8]"
524,더 퍼스트 슬램덩크,10,"['더 퍼스트 슬램덩크', '보고나왔는데 또 보고싶음', 10]"
525,더 퍼스트 슬램덩크,10,"['더 퍼스트 슬램덩크', '반일선동꾼들이 더 좋아하는 아이러니한 애니 ', 10]"
526,더 퍼스트 슬램덩크,10,"['더 퍼스트 슬램덩크', '태섭이 미국간거 깜놀ㅋㅋ', 10]"
527,더 퍼스트 슬램덩크,10,"['더 퍼스트 슬램덩크', '한번은 볼만한 정도굳이 극장에서 볼정도는 아닌듯만화책이 몇배는 잼있음', 6]"
528,더 퍼스트 슬램덩크,10,"['더 퍼스트 슬램덩크', '3D로 구현된 애니메이션이 뛰어납니다.  기존 만화에 없던 장면도 저는 좋았구요.   단점은 너무 자주 과거 장면이 나오는것입니다.', 8]"
529,더 퍼스트 슬램덩크,10,"['더 퍼스트 슬램덩크', '진짜 짱짱짱짱. 최고의 명작', 10]"
530,더 퍼스트 슬램덩크,10,"['더 퍼스트 슬램덩크', '최고다! 소장판 나옴 산다!', 10]"
531,더 퍼스트 슬램덩크,10,"['더 퍼스트 슬램덩크', '눈물과감동의숨막히는막판24초', 10]"
532,더 퍼스트 슬램덩크,10,"['더 퍼스트 슬램덩크', '갓벽.일단 덕후는 만수무강해야한다. 언제 어디서 무슨 감동을 다시 만날지 모르니까...', 10]"
533,더 퍼스트 슬램덩크,10,"['더 퍼스트 슬램덩크', '정말 최악 재미 없다 평점 이 왜이리 높은지 모르겠다 알바 천지인것 같다 시간 돈 너무 아까움 ㅠ', 1]"
534,더 퍼스트 슬램덩크,10,"['더 퍼스트 슬램덩크', '진짜 가슴이 벅차오른다', 10]"
535,더 퍼스트 슬램덩크,10,"['더 퍼스트 슬램덩크', '저의10대시절을생각나게하는슬램덩크시간이지나도감동n차관람', 10]"
536,더 퍼스트 슬램덩크,10,"['더 퍼스트 슬램덩크', 'OST ㅈㄴ 좋음 서태웅 존잘', 10]"
537,더 퍼스트 슬램덩크,10,"['더 퍼스트 슬램덩크', '40분보다.  더이상. 못보겠어서. 나갑니다만화는. 재미있었는데 ....요즘. 영화 볼께. 없네요', 2]"
538,더 퍼스트 슬램덩크,10,"['더 퍼스트 슬램덩크', '이게 뭐라고... 그냥 감동입니다', 9]"
539,더 퍼스트 슬램덩크,10,"['더 퍼스트 슬램덩크', '미쳤다.. 진짜 간만에 가슴이 두근두근...', 10]"
540,더 퍼스트 슬램덩크,10,"['더 퍼스트 슬램덩크', '명작 중에 명작. 명작의 애니메이션에 추억도 되살릴 수 있다는 점은 덤. 최고! 다만 중간에 살짝 지루할 수 있는 포인트가 있음.', 9]"
541,더 퍼스트 슬램덩크,10,"['더 퍼스트 슬램덩크', '최고!!! 가슴이 뛴다!!!', 10]"
542,더 퍼스트 슬램덩크,10,"['더 퍼스트 슬램덩크', '영화로 만들어줘서 정말 고맙습니다.', 10]"
543,더 퍼스트 슬램덩크,10,"['더 퍼스트 슬램덩크', '퍼스트 슬램덩크라고 하지만 그동안 슬램덩크의 여정을 마무리하는 파이널 슬램덩크 라는 느낌도 들어서 여러 감정이 교차했다… 진짜 너무 갓벽하고 누군가에게는 처음으로 보는 슬램덩크였을거고 나같은 사람에게는 처음 슬램덩크를 보았을때 감동을 다시 준 퍼스트 슬램덩크ㅜㅜ', 10]"
544,더 퍼스트 슬램덩크,10,"['더 퍼스트 슬램덩크', '더 없을 거라 생각했는데…', 10]"
545,더 퍼스트 슬램덩크,10,"['더 퍼스트 슬램덩크', '정말 올해 상반기 영화 중 제일 좋을 것 같아요. 저는 4번이나 봤는데.. 또 보러 가고싶어요.. 모두가 다 봤으면.. 아니 근데 ost도 진짜 미친것 같아... 세상에 이럴수가 모두가 봤으면', 10]"
546,더 퍼스트 슬램덩크,10,"['더 퍼스트 슬램덩크', '자막판 보고 다시 더빙판을 봤습니다. 첫 관람 때는 강렬한 연출이 많은 경기에만 몰입해서 보게 되었는데, 두번째 볼 때는 전체적 서사가 더 잘 들어오고 작품의 완성도가 보였습니다. 회상씬에서의 지루함도 전혀 없고 오히려 회상씬과 경기장면의 교차시점이 정말 적절하고 절묘함을 느끼게 됐습니다. 기억속에서 희미해지던 20대 시절 최애 작품이 이렇게 멋지게 부활하여 아들들과 슬램덩크 얘기를 나눌 수 있는 행복한 추억이 다시 생겼습니다. ', 10]"
547,더 퍼스트 슬램덩크,10,"['더 퍼스트 슬램덩크', '평점 높고 요즘 난리라서 봤는데 이미 만화책으로 다 나온 내용에 신파극 짜집기 너무나 지루한 전개...다들 요즘 볼만한 영화가 없어서 보는 거 같다 빨리 재밌는 영화가 많이 나오길', 1]"
548,더 퍼스트 슬램덩크,10,"['더 퍼스트 슬램덩크', '너무 재미있게 봤습니다 ', 10]"
549,더 퍼스트 슬램덩크,10,"['더 퍼스트 슬램덩크', '지루하다. 지루하다. 지루하다. ', 2]"
550,더 퍼스트 슬램덩크,10,"['더 퍼스트 슬램덩크', '지루하다. 지루하다. 지루하다. ', 2]"
551,더 퍼스트 슬램덩크,10,"['더 퍼스트 슬램덩크', '지루하다. 지루하다. 지루하다. ', 2]"
552,더 퍼스트 슬램덩크,10,"['더 퍼스트 슬램덩크', '지루하다. 지루하다. 지루하다. ', 2]"
553,더 퍼스트 슬램덩크,10,"['더 퍼스트 슬램덩크', '성장기에 농구를 할 이유를 알려주었던 만화가 영화로 돌아와서 너무 기쁘다.슬램덩크가 농구 룰을 알려줬고, 당시 NBA도 몰랐던 사람들에게 농구를 알려주었다.', 10]"
554,더 퍼스트 슬램덩크,10,"['더 퍼스트 슬램덩크', '&amp;#39;재미&amp;#39;라는 요소를 정말 극대화시킨영화가 아닌가 싶습니다. 가슴을 뛰게하고 몰입하게 만들고 동화시키는 순간이 가득했어요. 뚫어 !', 10]"
555,더 퍼스트 슬램덩크,10,"['더 퍼스트 슬램덩크', '안 보면 후회하는 영화예요. 스토리는 물론이고 영상미가 부드럽고 각도가 다양해서 경기가 역동적이예요. 중간 중간 나오는 브금이나 ost가 상황에 적절하게 들어가서 더 몰입감 있게 하고 숨이 멎을 듯 하게 잠시 소리가 안나오는 연출이 미쳤습니다. 영화 뭐 볼지 고르고 계신다면 이거 보세요. 인생 영화임.', 10]"
556,더 퍼스트 슬램덩크,10,"['더 퍼스트 슬램덩크', '원작을 안 봐서 잘 모르겠음', 6]"
557,더 퍼스트 슬램덩크,10,"['더 퍼스트 슬램덩크', '오랜만에 일본 애니메이션이 낳은 의외의 성취. 빈틈없이 꼼꼼하게 감수된 것이 느껴지는 자연스러운 3D-2D 작화, 배가본드와 함께한 세월만큼이나 성숙한 차분한 연출에서 이노우에 다케히코의 터치가 느껴진다. 코트의 열기는 여전하지만 관전하는 시선이 묵직한 어른의 슬램덩크.', 8]"
558,더 퍼스트 슬램덩크,10,"['더 퍼스트 슬램덩크', '초딩때 슬램덩크를 봤던사란이라면...별만땅', 10]"
559,더 퍼스트 슬램덩크,10,"['더 퍼스트 슬램덩크', 'ost가 너무 좋네요ㅎㅎ', 10]"
560,더 퍼스트 슬램덩크,10,"['더 퍼스트 슬램덩크', '오랜만에 심장이 뛰었다.', 10]"
561,더 퍼스트 슬램덩크,10,"['더 퍼스트 슬램덩크', '또보고싶따벌써3번봄요', 10]"
562,더 퍼스트 슬램덩크,10,"['더 퍼스트 슬램덩크', '끝날 때까지 끝난 게 아니다!!', 10]"
563,더 퍼스트 슬램덩크,10,"['더 퍼스트 슬램덩크', '보다가  심장이  벌렁벌렁해서  힘들었라요', 10]"
564,더 퍼스트 슬램덩크,10,"['더 퍼스트 슬램덩크', '10점 그이상의 영화입니다. 어릴적에 보던 만화를 이렇게 영화를 통해 볼 수 있게 되어서 정말 행복합니다 감동!!', 10]"
565,더 퍼스트 슬램덩크,10,"['더 퍼스트 슬램덩크', '저의 영광의 순간은 지금입니다!', 10]"
566,더 퍼스트 슬램덩크,10,"['더 퍼스트 슬램덩크', '!', 8]"
567,더 퍼스트 슬램덩크,10,"['더 퍼스트 슬램덩크', '재미와감동을 둘다주는 만화영화 이걸로 설명 가능', 10]"
568,더 퍼스트 슬램덩크,10,"['더 퍼스트 슬램덩크', '그냥..말이 필요없다..', 10]"
569,더 퍼스트 슬램덩크,10,"['더 퍼스트 슬램덩크', '진심 세번은 울었다 또 봐야지', 10]"
570,더 퍼스트 슬램덩크,10,"['더 퍼스트 슬램덩크', '일본은 싫지만 애니는 정말 최고 체인소맨도 해 주세용', 10]"
571,더 퍼스트 슬램덩크,10,"['더 퍼스트 슬램덩크', '인생 최고의 영화 입니다!! 표현 불가 ㅠㅠ', 10]"
572,더 퍼스트 슬램덩크,10,"['더 퍼스트 슬램덩크', '이걸 점수로 매기라고? 이건 인생이야별 우주만큼 줄게', 10]"
573,더 퍼스트 슬램덩크,10,"['더 퍼스트 슬램덩크', '코트에서 공튕기는소리만들어도 두근두근합니다', 10]"
574,더 퍼스트 슬램덩크,10,"['더 퍼스트 슬램덩크', '슬램덩크 대박이었어요', 9]"
575,더 퍼스트 슬램덩크,10,"['더 퍼스트 슬램덩크', '그 유명한 명승부 장면에 중간중간 에피소드를 넣어 2시간을 만들다니.연출이 대단했다!!! 특히 끝에는 소름이! 역시 애니 인정한다!그리고 태섭의 재발견.', 10]"
576,더 퍼스트 슬램덩크,10,"['더 퍼스트 슬램덩크', '봐도봐도 또 감동이에요', 10]"
577,더 퍼스트 슬램덩크,10,"['더 퍼스트 슬램덩크', '엉망진창 번역으로 실소가 나오네요…최악!!! ', 5]"
578,더 퍼스트 슬램덩크,10,"['더 퍼스트 슬램덩크', '그때 그시절 회상 되는군요', 9]"
579,더 퍼스트 슬램덩크,10,"['더 퍼스트 슬램덩크', '최고였어요ㅠㅠ 다회차감상 하게되는 영화!!!', 10]"
580,더 퍼스트 슬램덩크,10,"['더 퍼스트 슬램덩크', '진짜로 홍보아니고 최근 5년간봤던 영화중 최고 .. 참고로 여자임', 10]"
581,더 퍼스트 슬램덩크,10,"['더 퍼스트 슬램덩크', '원작을 안봐서 대충 줄거리나 인물 정도만 알아보고 갔는데, 두시간이 어떻게 지나갔는지 모를 정도로 감동적이고 너무 재밌었어요. 다 보고 나서도 여운이 장난 아니라 원작 찾아보고 노래 찾아듣고 난리났습니다 ㅎㅎ 왜 n회차 관람하는지 알겠더군요. 최고.', 10]"
582,더 퍼스트 슬램덩크,10,"['더 퍼스트 슬램덩크', '농구에 농 자와 슬램덩크를 조금도 모르던 중1 잼민이도 “개 쩐다!” 와 “연출 미쳤다” 라는 말이 나오게 한 영화', 10]"
583,더 퍼스트 슬램덩크,10,"['더 퍼스트 슬램덩크', '아직  못헤어나왔습니다  또 봐야겠군요', 10]"
584,더 퍼스트 슬램덩크,10,"['더 퍼스트 슬램덩크', '시간이 많이 지났지만 그 여운과 감동은 오히려 배가 되었다!', 10]"
585,더 퍼스트 슬램덩크,10,"['더 퍼스트 슬램덩크', '최고임다', 10]"
586,더 퍼스트 슬램덩크,10,"['더 퍼스트 슬램덩크', '경기장면 연출이 너무 좋았음', 8]"
587,더 퍼스트 슬램덩크,10,"['더 퍼스트 슬램덩크', '아 꿀잼이었응슬램덩크 좋아한다면 꼭보세요', 9]"
588,더 퍼스트 슬램덩크,10,"['더 퍼스트 슬램덩크', '강백호 니가 짱이야..', 10]"
589,더 퍼스트 슬램덩크,10,"['더 퍼스트 슬램덩크', '별 기대없이 갔다가 대감동  어린시절의 추억도 새록새록… 입체감 있는 영상과 연출에 박수를 보냅니다', 10]"
590,더 퍼스트 슬램덩크,10,"['더 퍼스트 슬램덩크', '미친것 같아요 너무 재밌어요 사운드가 레알 미침 …', 10]"
591,더 퍼스트 슬램덩크,10,"['더 퍼스트 슬램덩크', '평점이 너무 좋아서 많이 기대하고봐서 그런가쪼꼼 지루했어요...ㅠ그래도 막바지에 ost며 숨소리조차 내지않고농구공 소리에만 집중 할수 있는 연출은 너무 좋았습니다.여자이지만 이작품에 열광했던 10대가 생각나서 그립고, 좋았어요 감사합니다', 8]"
592,더 퍼스트 슬램덩크,10,"['더 퍼스트 슬램덩크', '진짜 너무너무 재미있는데... 절대... 심야로... 보세요... 초등학생들 개 떠듭니다.. 스포 미리 다 해줍니다... 차라리 잔인하게 해서 15세로 만들어주지 그랬어요 엉어ㅇ엉ㅜㅜ', 10]"
593,더 퍼스트 슬램덩크,10,"['더 퍼스트 슬램덩크', '말이필요없음 최고의 영화', 10]"
594,더 퍼스트 슬램덩크,10,"['더 퍼스트 슬램덩크', '어린시절 함께했던 친구들어느덧 나는 40대를 넘겼는데너희들은 여전히 그대로구나.계속 나와주길...', 10]"
595,더 퍼스트 슬램덩크,10,"['더 퍼스트 슬램덩크', '너무 감동이다 한번 더 보러가야지', 10]"
596,더 퍼스트 슬램덩크,10,"['더 퍼스트 슬램덩크', '강백호 넘 웃김 ㅋㅋ 옛추억 새록새록', 10]"
597,더 퍼스트 슬램덩크,10,"['더 퍼스트 슬램덩크', '찢었다.정말 찢었다.', 10]"
598,더 퍼스트 슬램덩크,10,"['더 퍼스트 슬램덩크', ' 말문이 막힐 정도로 오랜만에 시간이라는 것을 제대로 알려줄 훌륭헌 영화임이 틀림없다. ', 10]"
599,더 퍼스트 슬램덩크,10,"['더 퍼스트 슬램덩크', '모두가 숨죽이게 되는 그 순간. 마지막 연출은.. 역사상 최고의 연출이였슴..', 10]"
600,더 퍼스트 슬램덩크,10,"['더 퍼스트 슬램덩크', '어릴적 추억이 다시 한번? 재미있게 봤음', 10]"
601,더 퍼스트 슬램덩크,10,"['더 퍼스트 슬램덩크', '내 나이 41세. . 강백호가 쏘아올린 점프샷에 눈물흘리던 어린소년으로 돌아가 있었다..', 10]"
602,더 퍼스트 슬램덩크,10,"['더 퍼스트 슬램덩크', '진짜 최고에요보면서도 다시 보고싶다는 생각을 했네요!영화 끝나자마자 관객들 다 같이 탄성소리가 와~~하고 나왔어요! 감동', 10]"
603,더 퍼스트 슬램덩크,10,"['더 퍼스트 슬램덩크', '옛날 만화인줄만 알았던 슬램덩크 이렇게 감동일줄이야', 10]"
604,더 퍼스트 슬램덩크,10,"['더 퍼스트 슬램덩크', '만화를 애니메이션으로 만드는 길', 6]"
605,더 퍼스트 슬램덩크,10,"['더 퍼스트 슬램덩크', '끝이다. 걍 봐 말이 필요없음', 10]"
606,더 퍼스트 슬램덩크,10,"['더 퍼스트 슬램덩크', '모든 경기 장면이 전율 그잡채', 10]"
607,더 퍼스트 슬램덩크,10,"['더 퍼스트 슬램덩크', '내 앞에 40-50대 쯤 되보이는 아저씨가 혼자오셨는데 영화 처음부터 눈물 닦으셨다 아마 잠깐이나마 2시간동안 잊고있던 청춘을 찾으신 듯', 10]"
608,더 퍼스트 슬램덩크,10,"['더 퍼스트 슬램덩크', '농구가...하고싶어요', 10]"
609,더 퍼스트 슬램덩크,10,"['더 퍼스트 슬램덩크', '추억 찾아서 극장에 갔는데 이건 완전 신작~~ 스토리 영상미 너무 좋았습니다!! 옛날 영상은 아니어서 처음엔 낯설었는데 어느새 빠져들어서 금방 영화가 끝났어요ㅠㅠ 다시 봐야겠어요!!', 10]"
610,더 퍼스트 슬램덩크,10,"['더 퍼스트 슬램덩크', '오랜만이다 슬램덩크 내 청춘', 10]"
611,더 퍼스트 슬램덩크,10,"['더 퍼스트 슬램덩크', '내 슬램덩크 내추억  넘 잼남', 10]"
612,더 퍼스트 슬램덩크,10,"['더 퍼스트 슬램덩크', '마지막 10분빼고 지루했어요...송태섭위주인것도 으잉...?', 4]"
613,더 퍼스트 슬램덩크,10,"['더 퍼스트 슬램덩크', '너무 재밌게 봤어요리얼 농구 같이 뛰는 느낌~!?!,?.', 10]"
614,더 퍼스트 슬램덩크,10,"['더 퍼스트 슬램덩크', '진짜 개쩜 영상미가 너무좋은영화에요!', 10]"
615,더 퍼스트 슬램덩크,10,"['더 퍼스트 슬램덩크', '명작은 영원하다', 9]"
616,더 퍼스트 슬램덩크,10,"['더 퍼스트 슬램덩크', '저는 정말 눈물과 함께 감동적으로 봤습니다', 10]"
617,더 퍼스트 슬램덩크,10,"['더 퍼스트 슬램덩크', '초등학교 6학년 때 슬램덩크 완결편을 보던 순간이 떠올랐습니다.중간중간 개그포인트를 흐름을 끊지 않고 잘 녹여놓아서더더욱 좋았습니다!', 10]"
618,더 퍼스트 슬램덩크,10,"['더 퍼스트 슬램덩크', '송태섭도울고 나도울었다긴장감있게 몰입도최고!!!!', 10]"
619,더 퍼스트 슬램덩크,10,"['더 퍼스트 슬램덩크', '최고의 영화… 슬램덩크 문외한인 사람인데 보고 빠져서 만화, 애니 보는 중', 10]"
620,더 퍼스트 슬램덩크,10,"['더 퍼스트 슬램덩크', '평범한 이야기 억지 극적 연출', 6]"
621,더 퍼스트 슬램덩크,10,"['더 퍼스트 슬램덩크', '고마워요 이노우에 그리고 다음에도 부탁해요 제발요', 8]"
622,더 퍼스트 슬램덩크,10,"['더 퍼스트 슬램덩크', '고마워요 이노우에 그리고 다음에도 부탁해요 제발요', 8]"
623,더 퍼스트 슬램덩크,10,"['더 퍼스트 슬램덩크', '고마워요 이노우에 그리고 다음에도 부탁해요 제발요', 8]"
624,더 퍼스트 슬램덩크,10,"['더 퍼스트 슬램덩크', '말 할 필요있음?.. n차관람 필수임', 10]"
625,더 퍼스트 슬램덩크,10,"['더 퍼스트 슬램덩크', '이미 10대때다 본거라 걍 봤는데 웬만한 영화보다 낫다.보다 몇번씩 불끈 불끈!!!!역시 인생은 희망이 있어야~~~', 10]"
626,더 퍼스트 슬램덩크,10,"['더 퍼스트 슬램덩크', '추억을 떠오르게 해줘서 고마운 영화....북산고 5인방 반갑다!!!', 7]"
627,더 퍼스트 슬램덩크,10,"['더 퍼스트 슬램덩크', '농구를 5명이서 하는지도 모르고 본 여고딩입니다 진짜 너무 재미있어요ㅋㅋㅋㅋ', 10]"
628,더 퍼스트 슬램덩크,10,"['더 퍼스트 슬램덩크', '명작은 시대를 지나도 명작이다', 10]"
629,더 퍼스트 슬램덩크,10,"['더 퍼스트 슬램덩크', '40대 아빠는 8점, 10대 아들은 9점', 8]"
630,더 퍼스트 슬램덩크,10,"['더 퍼스트 슬램덩크', '최고..2시간이 너무 짧네요추억소환하시는분들도있지만한편의. 극장애니로 처음보는분들도 잼나게 보실수있어요. 잘봤네요농구코트위에 있다가 내려온듯 벅차네요', 10]"
631,더 퍼스트 슬램덩크,10,"['더 퍼스트 슬램덩크', '더 퍼스트 슬램덩크 최고였어. 라스트도 나와줄꺼지..?', 10]"
632,더 퍼스트 슬램덩크,10,"['더 퍼스트 슬램덩크', '송태섭이 산왕 선수 두 명 사이를 뚫고 나갈때 한번 울었고, 어머니한테 쓴 편지 읽을 때 두번 울었다.', 9]"
633,더 퍼스트 슬램덩크,10,"['더 퍼스트 슬램덩크', '정말 재밌게 잘 봤습니다.', 10]"
634,더 퍼스트 슬램덩크,10,"['더 퍼스트 슬램덩크', '만화책하고 다른 느낌이 들어서 또 다른 경기를 본 것 같습니다. 퀄리티 장난 아니네요.', 10]"
635,더 퍼스트 슬램덩크,10,"['더 퍼스트 슬램덩크', '감독 할배 귀여움 너무너무 귀여움', 10]"
636,더 퍼스트 슬램덩크,10,"['더 퍼스트 슬램덩크', '추억은 추억속에 넣어두어야 한다.꺼내는 순간 빛이 바란다.그냥 왜색만화. 북산.백호는사라졌다 ', 2]"
637,더 퍼스트 슬램덩크,10,"['더 퍼스트 슬램덩크', '원작을 아예 안보고 가서 그런지 이해 안가고 지루한 부분이 조금은 있었지만 농구 경기 장면 만큼은 진짜 축구 월드컵 긴장감으로 본거같네요', 8]"
638,더 퍼스트 슬램덩크,10,"['더 퍼스트 슬램덩크', '영화 끝나고 정신을 차릴수가 없었음. 25년전으로 찐하게 신간여행하다 2023년으로 내동댕이쳐진 느낌..오프닝 진짜 소름, 스토리 감동, 다시 보러 갈거다 ㅜ.ㅜ 진짜 최고의 만화 슬램덩크!', 10]"
639,더 퍼스트 슬램덩크,10,"['더 퍼스트 슬램덩크', '와 걍 말 안된다 꼭 봐라 두 번 봐라', 10]"
640,더 퍼스트 슬램덩크,10,"['더 퍼스트 슬램덩크', '무슨말로 이감동을 표현할수있을까', 10]"
641,더 퍼스트 슬램덩크,10,"['더 퍼스트 슬램덩크', '감동적이다 나의 청소년기를 다시 회상할 수 있게 해줘서...ㅠ', 10]"
642,더 퍼스트 슬램덩크,10,"['더 퍼스트 슬램덩크', '송태섭 스토리에 공감 100배 입니다.. 슬퍼서 울었네요 ㅠㅠ 정말 재밌게 잘 봤네요. 슬램덩크 극장판이라서 봤지만? 영화 자체로 봐도, 웰메이드!!', 10]"
643,더 퍼스트 슬램덩크,10,"['더 퍼스트 슬램덩크', '마지막 1분은 숨도 못쉬었음', 10]"
644,더 퍼스트 슬램덩크,10,"['더 퍼스트 슬램덩크', '기억이 안날 줄 알았는데 보는 순간 이상하게 소환되는 기억들. 그 기억들과 함께 몰려오는 학창시절 만화방에서의 기억. 퇴색되지 않은 나의 추억과 현재.', 9]"
645,더 퍼스트 슬램덩크,10,"['더 퍼스트 슬램덩크', '아재를 이한 완벽한 추억영화', 10]"
646,더 퍼스트 슬램덩크,10,"['더 퍼스트 슬램덩크', '안봐도 비디오인데 왜 볼때마다 감동이냐', 9]"
647,더 퍼스트 슬램덩크,10,"['더 퍼스트 슬램덩크', '안보신분들 진짜 보세요실사보다 더한 영상 음악40대 후반인 저에게 최고의 추억이네요', 10]"
648,더 퍼스트 슬램덩크,10,"['더 퍼스트 슬램덩크', '마지막에 숨이.. 극장안이 고요..', 10]"
649,더 퍼스트 슬램덩크,10,"['더 퍼스트 슬램덩크', '보는 내내 울었고 지금 리뷰 쓰면서 울고있다.', 10]"
650,더 퍼스트 슬램덩크,10,"['더 퍼스트 슬램덩크', '그때 그 시절 우린 모두 강백호였다', 10]"
651,더 퍼스트 슬램덩크,10,"['더 퍼스트 슬램덩크', '두번 봤는데.. 또보고 싶어요 ', 10]"
652,더 퍼스트 슬램덩크,10,"['더 퍼스트 슬램덩크', '십점 만점에 십점 십점 10점', 10]"
653,더 퍼스트 슬램덩크,10,"['더 퍼스트 슬램덩크', '근래 본 영화 중 최고! 작화 지림. ', 10]"
654,더 퍼스트 슬램덩크,10,"['더 퍼스트 슬램덩크', '재밌습니다 마지막 30초는 원작 그대로의 감동을 100%재현했습니다.강추강추', 10]"
655,더 퍼스트 슬램덩크,10,"['더 퍼스트 슬램덩크', '존나재밌음 꼭보셈 안보면 후회함 10대 여학생도 즐기는 슬램덩크 ㅋ', 10]"
656,더 퍼스트 슬램덩크,10,"['더 퍼스트 슬램덩크', '진짜진짜진짜개재밌어요', 10]"
657,더 퍼스트 슬램덩크,10,"['더 퍼스트 슬램덩크', '명작은 영원하다', 10]"
658,더 퍼스트 슬램덩크,10,"['더 퍼스트 슬램덩크', '이거 보고 가슴이 뛰지않나요?에이~ 만화면 그렇지 라고 생각하시는분들이번기회에 도전하시길!!', 10]"
659,더 퍼스트 슬램덩크,10,"['더 퍼스트 슬램덩크', '지금이라도 좋아할 수 있어 다행이다...', 10]"
660,더 퍼스트 슬램덩크,10,"['더 퍼스트 슬램덩크', 'ㅠㅠ말이 필요없다…..명작은 명작', 10]"
661,더 퍼스트 슬램덩크,10,"['더 퍼스트 슬램덩크', '정말오랜만에진한감동을받고나온영화..예전어릴때보고느꼈던그감정을다시한번느낄수있는소중한   시간이여서너무뜻깊고또고마운영화다~^^', 10]"
662,더 퍼스트 슬램덩크,10,"['더 퍼스트 슬램덩크', '전설 그 자체.. 나의 첫 슬램덩크', 10]"
663,더 퍼스트 슬램덩크,10,"['더 퍼스트 슬램덩크', '팬들을 위한 영화 만화책부터 봐왔어서 더 재밋게 봤음. 초딩때 슬덩보고 부모님께 졸라서 농구공 사서 친구들과 반코트하던 기억들부터 그 친구들이랑 같이 영화보면서 재밋었음.', 9]"
664,더 퍼스트 슬램덩크,10,"['더 퍼스트 슬램덩크', '나는 다 잊고 살고 있었구나. ', 10]"
665,더 퍼스트 슬램덩크,10,"['더 퍼스트 슬램덩크', '도약하는 북산, 기꺼이 악역의 자리를 지킨 산왕... 27년을 관통하는 최고의 승부. 코트 위 드리블 소리가 내 심장박동같이 느껴진다. 영원의 첫사랑을 다시 만난 기분!', 10]"
666,더 퍼스트 슬램덩크,10,"['더 퍼스트 슬램덩크', '팬티갈아입고 봣습니다', 10]"
667,더 퍼스트 슬램덩크,10,"['더 퍼스트 슬램덩크', '슬램덩크를 모르는 세대인데도 감동을 느꼈다면 그걸로 충분히 증명되지 않았을까 싶다 ', 10]"
668,더 퍼스트 슬램덩크,10,"['더 퍼스트 슬램덩크', '평점에 거품이 있어서 1점드립니다 경기장면의 임팩트 이외에 송태섭 스토리는 너무 진부했습니다 7점정도가 적당...더빙판은 진짜최악 20년전 성우느낌더빙 ㄷㄷ ', 1]"
669,더 퍼스트 슬램덩크,10,"['더 퍼스트 슬램덩크', '아주 재밌게 봤음', 10]"
670,더 퍼스트 슬램덩크,10,"['더 퍼스트 슬램덩크', '아는 걸 보는데 그래도 재밌으면 잘 만들었다는 게 아닐까', 7]"
671,더 퍼스트 슬램덩크,10,"['더 퍼스트 슬램덩크', '너무재밌게봤습니다', 10]"
672,더 퍼스트 슬램덩크,10,"['더 퍼스트 슬램덩크', '고2때 내가 본느낌 눈물만 흐르네', 10]"
673,더 퍼스트 슬램덩크,10,"['더 퍼스트 슬램덩크', '말이 뭐가 필요해. 정말 너무 재미있다.', 10]"
674,더 퍼스트 슬램덩크,10,"['더 퍼스트 슬램덩크', '강백호 !!!!....!!!!', 10]"
675,더 퍼스트 슬램덩크,10,"['더 퍼스트 슬램덩크', '슬램덩크 20대가 될때까지 보지 않았었다 왜 빨리 알지 못했나 후회한다', 10]"
676,더 퍼스트 슬램덩크,10,"['더 퍼스트 슬램덩크', '나의추억 한보따리', 10]"
677,더 퍼스트 슬램덩크,10,"['더 퍼스트 슬램덩크', '어린 시절의 추억', 9]"
678,더 퍼스트 슬램덩크,10,"['더 퍼스트 슬램덩크', '너무 재밌어요 최고..', 10]"
679,더 퍼스트 슬램덩크,10,"['더 퍼스트 슬램덩크', '울컥..했읍니다… 그시절이 생각나네요..', 10]"
680,더 퍼스트 슬램덩크,10,"['더 퍼스트 슬램덩크', '스케치가 하나하나 캐릭터로 살아나는 등장씬부터 소리를 모두 제거한 마지막 슛 장면까지 어느 하나 버릴 게 없는 연출이었다. 전체 스토리는 약간 신파가 있지만 실사 영화도 이보다 잘 만들기 힘들 것 같다고 생각했다. ost 곡수가 많지 않은데 딱 필요한 곳에만 쓴 것도 대단했다. 슬램덩크를 좋아하던 세대에게는 향수를, 모르던 세대에게는 농구 자체에 대한 흥미를 불러일으킬 애니였다.', 10]"
681,더 퍼스트 슬램덩크,10,"['더 퍼스트 슬램덩크', '존나 재밌다. 농알못 애니에 관심 없는 사람도 존나 재밌게 볼 수 있다. ', 10]"
682,더 퍼스트 슬램덩크,10,"['더 퍼스트 슬램덩크', '만화를 모르는 사람도 즐길수 있고 추재음악이랑 스트리도 오우림. 애니매이션이라해도 3D기슬르로서 영화의 Dainamic한 장점도 느낄수 있음. 원래 코미디한 부분나 강동적 내용 다 보함되있어서 기대대로 배신안 받고 잘 봤슴.', 10]"
683,더 퍼스트 슬램덩크,10,"['더 퍼스트 슬램덩크', '성우들 연기력 빼고는 모든게 완벽.. 일본어 자막 버전으로 한번 더 보고싶네요보는 내내 아드레날린 폭팔했습니다 ', 10]"
684,더 퍼스트 슬램덩크,10,"['더 퍼스트 슬램덩크', '호잉.. 울었어요.. ㅜㅡㅜ', 10]"
685,더 퍼스트 슬램덩크,10,"['더 퍼스트 슬램덩크', '음악이 되게 박진감 넘치게 도와줘서 몰입하기가 수월했음. 그냥 개 재밌음 .. 정대만편도 나오길..', 10]"
686,더 퍼스트 슬램덩크,10,"['더 퍼스트 슬램덩크', '예전에 만화책으로 봤었지만 20년만에 애니로 보니 스토리도 새롭고 열정이란 단어를 잊고 살았는데 그걸 떠올리게 해주는 영화였다. 자막으로 봤었고 소장하고 싶은 영화다.  ', 10]"
687,더 퍼스트 슬램덩크,10,"['더 퍼스트 슬램덩크', '경기 볼라치면 자꾸 개노잼인 과거 회상주인공은 뭘 활약하는지도 모르겠고같이 보러간 사람은 결국 과거장면에서 자더라...나는 꾹 참고 봤음...뭐 대사오글거리는 건 만화를 영화화한 거니까 그렇다 치지만..전반적으로 별로였음', 4]"
688,더 퍼스트 슬램덩크,10,"['더 퍼스트 슬램덩크', '그냥 최고였음 내마음속 심금을 울렸네', 10]"
689,더 퍼스트 슬램덩크,10,"['더 퍼스트 슬램덩크', '원작에서 가장 서사가 적었다고 생각한 송태섭이 주인공이라니.. 그런데 정말 탁월한 선택이었다. 스램덩크를 아는 사람도, 모르는 사람도 모두 만족하는 수작', 9]"
690,더 퍼스트 슬램덩크,10,"['더 퍼스트 슬램덩크', '모든 단점을 다 씹어주는 원작의 위대함. 그럼에도 더빙은 끔찍함 그자체. 궁금해서 더빙 봤다가 자막판으로 내 기억을 다시 희석시키고 싶어졌다.', 9]"
691,더 퍼스트 슬램덩크,10,"['더 퍼스트 슬램덩크', '아ㅡ내젊음을  함께한 만화가 살아움직여서 나오다니 너무 감동적이네요 ', 10]"
692,더 퍼스트 슬램덩크,10,"['더 퍼스트 슬램덩크', '영화를 전체적으로 냉정하게 따진다면 100점짜리 영화는 아닐수있지만 보는 나에게는 120점짜리 영화였습니다.', 10]"
693,더 퍼스트 슬램덩크,10,"['더 퍼스트 슬램덩크', '슬램덩크를 봤던 사람들은 어린시절 슬램덩크 캐릭터와 함께 성장했다. 경기를 담백하게 표현한 것이 신의 한수였고 상상하던 경기를 직접 눈으로 보게 되자 감격이 벅차올라 피가 끓어 오르는 것을 느꼈다. 고맙고 감사한 작품이기도 하지만 캐릭터는 그대로인데 나만 늙어버려 조금 서글픔도 드는 작품이었다. 또 다른 슬램덩크도 보고 싶다. 이노우에 일 좀 하자.', 9]"
694,더 퍼스트 슬램덩크,10,"['더 퍼스트 슬램덩크', '진짜 내 인생 영화다????', 10]"
695,더 퍼스트 슬램덩크,10,"['더 퍼스트 슬램덩크', '이건 사람이 볼게 아니다..', 1]"
696,더 퍼스트 슬램덩크,10,"['더 퍼스트 슬램덩크', '진짜 재미있었고 거의 마지막때 뚫어 송태섭하고 난뒤 송태섭이 뚫고 역습할때 노래나오는게 진짜 레전드였고 멋있었음', 10]"
697,더 퍼스트 슬램덩크,10,"['더 퍼스트 슬램덩크', '꼭 보세요 자막으로 봤는데 더빙으로 한번더 볼생각입니다', 10]"
698,더 퍼스트 슬램덩크,10,"['더 퍼스트 슬램덩크', '영화 끝나고 계속 노래가 머리속에 맴도는 영화', 8]"
699,더 퍼스트 슬램덩크,10,"['더 퍼스트 슬램덩크', '24프레임이 업계 규격이라고 들어보긴 했는데, 요즘같이 영상컨텐츠가 빠르게 발전하는 시기에 3D작화로 24프레임이라니.. 프레임 낮은 느낌이 강하게 다가와 아쉬웠습니다.. 그리고 울려니 환호! 흥분하려니 절망! 2시간 남짓한 타임라인에 감정선 뿐만 아니라 시간과 공간도 굉장히 자주 또 큰폭으로 바뀌기 때문에 어디 한 분위기에 몰입하기 어려웠네요.. 작가의 퀄리티 높은 그림체가 거부감 없이 3D로 옮겨졌다는게 놀라웠는데, 더빙도 상당했습니다!', 9]"
700,더 퍼스트 슬램덩크,10,"['더 퍼스트 슬램덩크', '또 보고싶다..ㅜㅜ 애니도 리메이크 내주세요 ... ', 10]"
701,더 퍼스트 슬램덩크,10,"['더 퍼스트 슬램덩크', '최공정말너무재밌아요가슴이웅장해지네료', 10]"
702,더 퍼스트 슬램덩크,10,"['더 퍼스트 슬램덩크', '세글자로 정리된다 그냥 미쳤다', 10]"
703,더 퍼스트 슬램덩크,10,"['더 퍼스트 슬램덩크', '아저씨도 아니고 슬덩 세대도 아닌 z세대인데 보고 울었음뭐임...', 10]"
704,더 퍼스트 슬램덩크,10,"['더 퍼스트 슬램덩크', '아재들을 울게 만드는 영화', 10]"
705,더 퍼스트 슬램덩크,10,"['더 퍼스트 슬램덩크', '코트를 둥둥 울리는 사운드가 좋았다. 나는 자막으로 봤지만 더빙으로 보는것도 나쁘지 않을듯. 대부분은 완벽하게 한국어 패치된 원작으로 이 작품을 기억하고 있으니까 일본어 성우가 되려 낯설더라', 7]"
706,더 퍼스트 슬램덩크,10,"['더 퍼스트 슬램덩크', '20년전으로 돌아가서 두근두근 너무 감동적이었습니다.  아쉬운건 변덕규의 장면이 빠진거 ㅜㅜ', 10]"
707,더 퍼스트 슬램덩크,10,"['더 퍼스트 슬램덩크', '왼손은 거들뿐.. 평점은 거들뿐 명작 그 자체 슬램덩크. ', 10]"
708,더 퍼스트 슬램덩크,10,"['더 퍼스트 슬램덩크', '내 인생작 그냥 뒤지게 재밌고 사운드가 미쳤습니다&amp;gt;&amp;gt;&amp;gt;!', 10]"
709,더 퍼스트 슬램덩크,10,"['더 퍼스트 슬램덩크', '재미있고 감동적이고 벅차오르는 느낌,, 그냥 최고였음', 10]"
710,더 퍼스트 슬램덩크,10,"['더 퍼스트 슬램덩크', '오프닝부터 감동 한 덩어리 들이키고 시작함. ', 10]"
711,더 퍼스트 슬램덩크,10,"['더 퍼스트 슬램덩크', '진짜 보고 또보고 또보고 또봐도 감동!', 10]"
712,더 퍼스트 슬램덩크,10,"['더 퍼스트 슬램덩크', '보는 내내 농구하고 싶드라.. ㄹㅇ 멋있어', 10]"
713,더 퍼스트 슬램덩크,10,"['더 퍼스트 슬램덩크', '다회차로 갈수록 감독의 의도나 연출에 집중할수 있어 좋았습니다. 진정한 명작은 이런게 아닐까 싶습니다.', 10]"
714,더 퍼스트 슬램덩크,10,"['더 퍼스트 슬램덩크', '처음 오프닝의 워킹 장면과 마지막의 고요한 장면이 인상적', 7]"
715,더 퍼스트 슬램덩크,10,"['더 퍼스트 슬램덩크', '즐겁고 행복했다. 벅찬 영화. 재관람하고 싶은 영화.', 10]"
716,더 퍼스트 슬램덩크,10,"['더 퍼스트 슬램덩크', '애니메이션이 아니다, 영상화한 열정이다', 10]"
717,더 퍼스트 슬램덩크,10,"['더 퍼스트 슬램덩크', '송태섭의이야기라새로웠다', 10]"
718,더 퍼스트 슬램덩크,10,"['더 퍼스트 슬램덩크', '보고 나서도 다시 또 보고싶게 만드는 영화', 10]"
719,더 퍼스트 슬램덩크,10,"['더 퍼스트 슬램덩크', '너희 다섯 폰화면에 박제했다 세컨 슬램덩크 나올 때까지 간다', 10]"
720,더 퍼스트 슬램덩크,10,"['더 퍼스트 슬램덩크', '만화책을 처음 봤을 때의 추억과 감동을 영화가 쉽게 되살려준다', 8]"
721,더 퍼스트 슬램덩크,10,"['더 퍼스트 슬램덩크', '아쉬웠던점은 기존 애니메이션 성우가 아니여서 착착 달라붙는점이 덜했음 미친거같다 그 만화책 애니 볼때의 감동이 다시 느껴져서 정말 좋았음', 10]"
722,더 퍼스트 슬램덩크,10,"['더 퍼스트 슬램덩크', '오랜만에 가슴이 뛰네요', 10]"
723,더 퍼스트 슬램덩크,10,"['더 퍼스트 슬램덩크', '추억의 완성.', 10]"
724,더 퍼스트 슬램덩크,10,"['더 퍼스트 슬램덩크', '죽지 못해 사는 나에게 다시 설렘을 안겨준 명작', 10]"
725,더 퍼스트 슬램덩크,10,"['더 퍼스트 슬램덩크', '정말 재미없음 중간중간 옴니버스식으로 빠지는 것도 너무 계속되서 식상하다못해 짜증남', 2]"
726,더 퍼스트 슬램덩크,10,"['더 퍼스트 슬램덩크', '말이 필요없습니다. 그냥 가서 보시길', 10]"
727,더 퍼스트 슬램덩크,10,"['더 퍼스트 슬램덩크', '페미빠염 페미정신븅 쿄쿄', 10]"
728,더 퍼스트 슬램덩크,10,"['더 퍼스트 슬램덩크', '진짜 인생영화 이런영화가 진짜 영화지 오랜만에 심장이 뜨거워지는 영화 감사합니다감동에 눈물흘렸네요 진짜  ㅠㅠㅠㅠ ', 10]"
729,더 퍼스트 슬램덩크,10,"['더 퍼스트 슬램덩크', '보는 동안 어린시절로 돌아갈수있어서 너무 좋았다.. 그 시절의 나는 아무 걱정도 없었는데..  끝나지 않았으면 하면서 봤다 행복했다 보는동안', 10]"
730,더 퍼스트 슬램덩크,10,"['더 퍼스트 슬램덩크', '원작을 알아도 몰라도 재미있게 볼 수 있는 매력적인 영화였습니다~ 추천', 10]"
731,더 퍼스트 슬램덩크,10,"['더 퍼스트 슬램덩크', '정말 좋아합니다 이번엔 거짓이 아니라구요 초반 북산 스케치로 나올때 진짜 눈물이 자동으로 나왔고 마지막 몇초는 숨도 못쉬게 만들었다 중간중간 송태섭 스토리도 너무나 알잘딱하고 좋았다 ', 10]"
732,더 퍼스트 슬램덩크,10,"['더 퍼스트 슬램덩크', '태섭아 네가 내 별이다뿅', 10]"
733,더 퍼스트 슬램덩크,10,"['더 퍼스트 슬램덩크', '나와준것만 해도 고맙습니다....ㅠㅠㅠ', 10]"
734,더 퍼스트 슬램덩크,10,"['더 퍼스트 슬램덩크', '슬램덩크를 충분히 알고보면은 정말 최고의 작품', 10]"
735,더 퍼스트 슬램덩크,10,"['더 퍼스트 슬램덩크', '영화끝나고 박수는 처음 쳐봤네요', 10]"
736,더 퍼스트 슬램덩크,10,"['더 퍼스트 슬램덩크', '강백호, 서태웅, 채치수, 정대만, 송태섭...그리고 권준호...너희는 나의 청춘이자 꿈이었다...그리고 다시 만나서 행복하다. 그때의 나의 열정을 일깨워줘서 고맙다.', 10]"
737,더 퍼스트 슬램덩크,10,"['더 퍼스트 슬램덩크', '말이 필요없다 그냥 보면된다 두번봤는데또 보고싶다 ', 10]"
738,더 퍼스트 슬램덩크,10,"['더 퍼스트 슬램덩크', '오프닝부터 눈물이나왔고 영화내내 추억과향수로 눈가가 게속 촉촉한상태로 봤음  난30대..  감동이다..', 10]"
739,더 퍼스트 슬램덩크,10,"['더 퍼스트 슬램덩크', '울었다....최고였음', 10]"
740,더 퍼스트 슬램덩크,10,"['더 퍼스트 슬램덩크', '영원한 고등학생들..', 8]"
741,더 퍼스트 슬램덩크,10,"['더 퍼스트 슬램덩크', '그저멍하니 하루하루 살아기기 급급했던 나에게 싸다구를 날려준...', 10]"
742,더 퍼스트 슬램덩크,10,"['더 퍼스트 슬램덩크', '극장판이나 속편은 이래야 한다. 전작을 반드시 알아야 즐길 수 있는 영화는 극장에 걸려선 안된다', 9]"
743,더 퍼스트 슬램덩크,10,"['더 퍼스트 슬램덩크', '슬램덩크 안본사람으로써 주변에서 내용 몰라도 재밌다고 해서 봤는데 나는 ... 노잼.. 스포츠나 농구 좋아하는 사람이 보면 내용 몰라도 재밌을듯', 4]"
744,더 퍼스트 슬램덩크,10,"['더 퍼스트 슬램덩크', '옛날에 만화책 나오자마자 바로 사가지고 10장 들어간 슬램덩크 만화책 살려고 두꺼운 만화책을 1달에 1번씩 샀던기억이 나네요영화가 만화책 감성을 잘표현한것같아 고마워요', 10]"
745,더 퍼스트 슬램덩크,10,"['더 퍼스트 슬램덩크', '명작은 그 결말을 알고도 다시 찾게 만든다.', 10]"
746,더 퍼스트 슬램덩크,10,"['더 퍼스트 슬램덩크', '그냥 평범한데 왤케 인기가 있는지 모르겠다는. 차라리 유령을 보셈', 6]"
747,더 퍼스트 슬램덩크,10,"['더 퍼스트 슬램덩크', '감동 과하다...', 9]"
748,더 퍼스트 슬램덩크,10,"['더 퍼스트 슬램덩크', '내인생 최고의 만화를 만났던 그때로 돌아간다. 너무 그립고 슬프다.', 10]"
749,더 퍼스트 슬램덩크,10,"['더 퍼스트 슬램덩크', '개꿀잼!!!서태웅얼굴나올때마다감탄사연발함', 10]"
750,더 퍼스트 슬램덩크,10,"['더 퍼스트 슬램덩크', '뚫어송태섭!!!&amp;lt; 이 계속 생각나요 그와 동시에 나오는 ost까지', 10]"
751,더 퍼스트 슬램덩크,10,"['더 퍼스트 슬램덩크', '헤어진 친구의 몰랐던 이야기, 결과를 알면서 작가를 믿는 내 마음', 10]"
752,더 퍼스트 슬램덩크,10,"['더 퍼스트 슬램덩크', '미쳤따리....슬램덩크 처음 본 02년생 울고갑니다', 10]"
753,더 퍼스트 슬램덩크,10,"['더 퍼스트 슬램덩크', '경기 종료 몇십초 남겨놓은 시점의 영상이 시작할때 부터 숨을 숨쉴 수가 없었다. 가슴이 터질 것만 같았다.', 10]"
754,더 퍼스트 슬램덩크,10,"['더 퍼스트 슬램덩크', '캔디캔디도 만들어주세요.', 8]"
755,더 퍼스트 슬램덩크,10,"['더 퍼스트 슬램덩크', '워우 최고다! 연출 보소! ', 10]"
756,더 퍼스트 슬램덩크,10,"['더 퍼스트 슬램덩크', '이건 극장에서봐야 제대롭니다. 마지막 승부처의 저음은 가정에선 못만들어냄', 10]"
757,더 퍼스트 슬램덩크,10,"['더 퍼스트 슬램덩크', '원작을 안봐서 볼지말지 엄청 고민하다가 봤는데 확실히 감동이 좀 덜했습니다, 보실거면 원작을 보고 보시는게 이해도 쉽고 더 재밌게 보실수있을듯. 기대보단 평범했습니다', 7]"
758,더 퍼스트 슬램덩크,10,"['더 퍼스트 슬램덩크', '오랜만에 만난 그리운 친구 ', 9]"
759,더 퍼스트 슬램덩크,10,"['더 퍼스트 슬램덩크', '다들 너무나도 재밌다길래 본 영화. 슬램덩크를 본 세대가 아님에도 재밌게 즐긴 영화. 나에게 슬램덩크란 서태웅과 강백호 그자체였는데 더 퍼스트 보면 과거회상들이 굉장히 많아서 원작을 안 본 나에게는 주인공 초점이 태섭이에게 많이 간 느낌. 원작을 봐야겠음. 그리고 앞이 재미없다는건 아니지만 마지막 엔딩을 위해 본 느낌도 없지않아있음. 역시 스포츠가 주는 그 짜릿함;;; 최고임 ', 9]"
760,더 퍼스트 슬램덩크,10,"['더 퍼스트 슬램덩크', '슬램덩크가 없는 사춘기시절은 생각도 하기 싫네요.', 10]"
761,더 퍼스트 슬램덩크,10,"['더 퍼스트 슬램덩크', '원작 이후 시간이 꽤 흘렀는데 그 이상의 감동을 주는 걸작', 10]"
762,더 퍼스트 슬램덩크,10,"['더 퍼스트 슬램덩크', '우리의 영광의 순간은 지금입니다..', 10]"
763,더 퍼스트 슬램덩크,10,"['더 퍼스트 슬램덩크', '극장 애니메이션중 가장 만족도가 높았던 작품인거 같습니다.대부분 스포츠 애니메이션의 경기 장면을 보면서 재밌다는 느낌을 못받았는데농구를 좋아하는 편은 아님에도 캐릭터의 움직임이 너무 생생하게 느껴졌네요.원작을 몇 번이나 정독해왔기 때문일지 모르겠지만 메인이 되는 송태섭 말고도 적절한 비중 분배가 있었던거 같습니다. ', 10]"
764,더 퍼스트 슬램덩크,10,"['더 퍼스트 슬램덩크', '감독님?맥도날드 할아버지 생각남', 10]"
765,더 퍼스트 슬램덩크,10,"['더 퍼스트 슬램덩크', '울컥 하네요.그래픽이 너무 좋아서 실감 나네요', 10]"
766,더 퍼스트 슬램덩크,10,"['더 퍼스트 슬램덩크', '추억은 추억으로만 남기는게... 나도 슬래덩크 시대지만 어렸을때 느꼈었덤 그런 느낌이 남아있지 않다. 중간중감 관객들이 막 웃고 그러는데 그럴정도는 아님', 6]"
767,더 퍼스트 슬램덩크,10,"['더 퍼스트 슬램덩크', '왼손은 거들뿐', 10]"
768,더 퍼스트 슬램덩크,10,"['더 퍼스트 슬램덩크', '진짜 최고.. 최고 n회차 관람하고 싶다 어린 시절 서태웅 최애였는데 아무래도 송태섭 서사 중심이라 송태섭 정대만에 빠져듦 후속편도 꼭 나오길 바라요 얼빠라 김수겸도 보고 싶어요', 10]"
769,더 퍼스트 슬램덩크,10,"['더 퍼스트 슬램덩크', '더빙,자막 다봤는데도 또 보고싶음.개인적으로 더빙이 더좋은거 같아요 ', 10]"
770,더 퍼스트 슬램덩크,10,"['더 퍼스트 슬램덩크', '너무 좋았습니다 만화책으로만 보던 감동이 영상으로 보니 배가 되었습니다', 10]"
771,더 퍼스트 슬램덩크,10,"['더 퍼스트 슬램덩크', '이러니 저러니 해도 다케히코 이노우에 보유국이란 건 부럽다 흥', 10]"
772,더 퍼스트 슬램덩크,10,"['더 퍼스트 슬램덩크', '난 역시 백호나올때 울었다..', 9]"
773,더 퍼스트 슬램덩크,10,"['더 퍼스트 슬램덩크', '언제 봐도 재미있는 농구이야기', 10]"
774,더 퍼스트 슬램덩크,10,"['더 퍼스트 슬램덩크', '그시절 향수를 불러일으킨다', 8]"
775,더 퍼스트 슬램덩크,10,"['더 퍼스트 슬램덩크', '레전드 숨막혀요 너무 재밌어요 ', 10]"
776,더 퍼스트 슬램덩크,10,"['더 퍼스트 슬램덩크', '겁나 잼나요 꼭 보시길 권해', 10]"
777,더 퍼스트 슬램덩크,10,"['더 퍼스트 슬램덩크', '최고에요', 10]"
778,더 퍼스트 슬램덩크,10,"['더 퍼스트 슬램덩크', '무슨말이 필요함? 걍 닥치고 보셈', 10]"
779,더 퍼스트 슬램덩크,10,"['더 퍼스트 슬램덩크', '이게바로인생이구나...', 10]"
780,더 퍼스트 슬램덩크,10,"['더 퍼스트 슬램덩크', '슬램덩크를 보지않은자 스포츠를 논하지 말라', 10]"
781,더 퍼스트 슬램덩크,10,"['더 퍼스트 슬램덩크', '최고의 영화!! 재미있어요', 10]"
782,더 퍼스트 슬램덩크,10,"['더 퍼스트 슬램덩크', '진짜를 보았다, 상상 그 이상.', 10]"
783,더 퍼스트 슬램덩크,10,"['더 퍼스트 슬램덩크', '분명 재미있는데 중간중간 회상씬이 너무 많은 것 같아서 집중이 좀 깨졌어요 필요한 씬들인건 알지만 좀 많다는 생각이...', 8]"
784,더 퍼스트 슬램덩크,10,"['더 퍼스트 슬램덩크', '정말 재미있어요. 연출, 스토리, 음향효과, OST까지 굉장히 좋았습니다', 10]"
785,더 퍼스트 슬램덩크,10,"['더 퍼스트 슬램덩크', '감동적이였습니다!!', 10]"
786,더 퍼스트 슬램덩크,10,"['더 퍼스트 슬램덩크', '명장면이 너무 많은 산왕전... 타임라인이 왔다 갔다하는데도 전혀 어색하지 않은 연출... 이노우에 특유의 그림체가 살아 움직이는 영상...', 10]"
787,더 퍼스트 슬램덩크,10,"['더 퍼스트 슬램덩크', '슬램덩크 자체를 처음보는데도이해하는데는 어려움이 없었어요극장에서 더빙영화를 처음 보는데 나쁘지 않았어요', 9]"
788,더 퍼스트 슬램덩크,10,"['더 퍼스트 슬램덩크', '내용 전개부터 대사 하나하나까지 다 알고 있는데도 이렇게 재밌을 수 있는 영화가 몇이나 될까..', 10]"
789,더 퍼스트 슬램덩크,10,"['더 퍼스트 슬램덩크', '와 2시간을 농구하네. 지겹네. 니네들 평점 조작하냐,', 2]"
790,더 퍼스트 슬램덩크,10,"['더 퍼스트 슬램덩크', '팬들에게 최고의 선물', 7]"
791,더 퍼스트 슬램덩크,10,"['더 퍼스트 슬램덩크', '애니로 본 작품중 최고다', 10]"
792,더 퍼스트 슬램덩크,10,"['더 퍼스트 슬램덩크', '재미,감동,너무 잘 만들었네요. 감사합니다', 10]"
793,더 퍼스트 슬램덩크,10,"['더 퍼스트 슬램덩크', '책에서 느꼈던 감동을 영상으로 확인할 수 있었다 ', 10]"
794,더 퍼스트 슬램덩크,10,"['더 퍼스트 슬램덩크', '자막? 더빙? 자막 추천드립니다. 더빙은 못 알아듣겠는 부분이 종종 있습니다. 그리고 누가 말한건지도 가끔 헷갈리게 목소리도 비슷하구요. ', 10]"
795,더 퍼스트 슬램덩크,10,"['더 퍼스트 슬램덩크', '처음 볼땐 형들이었는데 이젠 한참 동생들이네', 10]"
796,더 퍼스트 슬램덩크,10,"['더 퍼스트 슬램덩크', '최고... 마지막 8초 장면은 정말 볼때마다 짜릿해요 ㅎㅎ', 10]"
797,더 퍼스트 슬램덩크,10,"['더 퍼스트 슬램덩크', '우리는 누구나 주인공이 될 수 있다. 송태섭이 그러한 것처럼. 서사는, 이야기는, 우리를 삶의 주인공으로 만들어 준다. 그러니 나의 이야기를 찾고 만들어야겠다. ', 10]"
798,더 퍼스트 슬램덩크,10,"['더 퍼스트 슬램덩크', '영화 보고 나서 저는 강백호 어머니 협회에 가입하였습니다', 10]"
799,더 퍼스트 슬램덩크,10,"['더 퍼스트 슬램덩크', '슬램덩크 팬이라면 꼭 봐야할 영화입니다. 영화값이 아깝지 않았어요.', 8]"
800,더 퍼스트 슬램덩크,10,"['더 퍼스트 슬램덩크', '네가 일본 애니 흥행 1위 하길 응원하며 두 번 봤어. 아는 이야기인데도 시작과 끝의 울림이 속수무책. https://brunch.co.kr/@brunchkk4/160 ', 10]"
801,더 퍼스트 슬램덩크,10,"['더 퍼스트 슬램덩크', '너무좋아요재미있어요', 10]"
802,더 퍼스트 슬램덩크,10,"['더 퍼스트 슬램덩크', '이미 알고 있는 명대사들을 직접 듣고 보니 가슴이 뛴다.최고의 팬서비스!', 8]"
803,더 퍼스트 슬램덩크,10,"['더 퍼스트 슬램덩크', '더헌드레드슬램덩크까지내줘요', 10]"
804,더 퍼스트 슬램덩크,10,"['더 퍼스트 슬램덩크', '시작하자마자 눈물터짐', 10]"
805,더 퍼스트 슬램덩크,10,"['더 퍼스트 슬램덩크', '농구를 전혀 좋아하지 않는 나에게 좋아하게 만든 영화. 농구 한 게임 넋놓고 본  느낌', 10]"
806,더 퍼스트 슬램덩크,10,"['더 퍼스트 슬램덩크', '너무 잘 만들어줘서 감사합니다 ', 10]"
807,더 퍼스트 슬램덩크,10,"['더 퍼스트 슬램덩크', '중간중간 조금씩 지루한면이 있긴하지만만화에서 안나왔던 부분을 얘기해주기 위한 어쩔수 없는 선택이라고 생각. 그런점에서 봤을때 훌륭하게 잘 풀어갔다고 봄', 10]"
808,더 퍼스트 슬램덩크,10,"['더 퍼스트 슬램덩크', '최고입니다 감동 그 자체', 10]"
809,더 퍼스트 슬램덩크,10,"['더 퍼스트 슬램덩크', '미쳤다', 10]"
810,더 퍼스트 슬램덩크,10,"['더 퍼스트 슬램덩크', '첫등장 장면부터 감동 쓰나미~', 10]"
811,더 퍼스트 슬램덩크,10,"['더 퍼스트 슬램덩크', '최고입니다.  극장에서. 숨소리밖에들리지않아요. 정말최고입니다', 10]"
812,더 퍼스트 슬램덩크,10,"['더 퍼스트 슬램덩크', '내 영광의 시대는 언제였을까..', 10]"
813,더 퍼스트 슬램덩크,10,"['더 퍼스트 슬램덩크', '슬램덩크모름,농구모름. 보기전에 유투브 10분짜리 요약영상보고 보러감보고난뒤에는 가슴이 뜨거워지고 슬램덩크 원작 찾아서 정주행하게됨', 10]"
814,더 퍼스트 슬램덩크,10,"['더 퍼스트 슬램덩크', '슬램덩크를 안본 여자친구 데리고 갔습니다.같이 넘 재밌게 보고 나왔구요. 하~ 손에 땀을 쥐고 보고 나왔네요 다시 한번 심장이 뛰었습니다.', 10]"
815,더 퍼스트 슬램덩크,10,"['더 퍼스트 슬램덩크', '슬램덩크 만화 잘 모르고 봤지만 긴장감있고 재밌게 잘 봤습니다', 10]"
816,더 퍼스트 슬램덩크,10,"['더 퍼스트 슬램덩크', '차기작 나오겠죠? 프로진출후 보고싶다', 6]"
817,더 퍼스트 슬램덩크,10,"['더 퍼스트 슬램덩크', '자막에 산왕인데 자꾸 상양이라고 ㅠㅠ제발~ 자막 수정 부탁드립니다.그것말고는 잊지 못할 감동이었네용^^', 10]"
818,더 퍼스트 슬램덩크,10,"['더 퍼스트 슬램덩크', '아~뻔히 알고 있는 내용인데....캐릭터들이 살아 있는듯한 느낌 받았어요~영화 보면서 딱 한번 울었었는데...이번이 2번째로 울게만드네요~어느덧 중년나이인데~보는네네울컥울컥 하더니...마지막엔 눈물이~전 정말 좋았습니다..', 10]"
819,더 퍼스트 슬램덩크,10,"['더 퍼스트 슬램덩크', '능남vs해남 윤대협 시점으로 나와준다면 행복할거 같습니다... 이노우에 센세', 10]"
820,더 퍼스트 슬램덩크,10,"['더 퍼스트 슬램덩크', '슬램덩크랑 농구 하나도 모르고 봐서 기대 별로 안했는데 너무 재밌게 봤어요 ㅋㅋ', 10]"
821,더 퍼스트 슬램덩크,10,"['더 퍼스트 슬램덩크', '말이 필요없는 명작. 2시간이 너무 짧게 느껴지네요. ', 10]"
822,더 퍼스트 슬램덩크,10,"['더 퍼스트 슬램덩크', '만화 안본 사람도 충분히 재밌고 감동!', 10]"
823,더 퍼스트 슬램덩크,10,"['더 퍼스트 슬램덩크', '만화책이 움직이는 듯한 뛰어난 영상미 덕에 생동감 넘쳐요.', 10]"
824,더 퍼스트 슬램덩크,10,"['더 퍼스트 슬램덩크', '4번 보고 4번 운 영화…ㅠ.ㅠ 이 영화를 통해 슬램덩크라는 작품에 대해 제대로 알게 되었고 팬이 되어버림.. 강백호 니가 짱이다', 10]"
825,더 퍼스트 슬램덩크,10,"['더 퍼스트 슬램덩크', '미쳣다 울음을 몇 번 참았는지 모르겠다', 10]"
826,더 퍼스트 슬램덩크,10,"['더 퍼스트 슬램덩크', '최고입니다. 정말 좋아요.', 10]"
827,더 퍼스트 슬램덩크,10,"['더 퍼스트 슬램덩크', '현시대 슬램덩크도 역시 너무 재밌있게봤습니다.20여년전 추억들도 영화와 함께다시 떠올랐습니다 . ㅎ', 10]"
828,더 퍼스트 슬램덩크,10,"['더 퍼스트 슬램덩크', '마지막 30분의 전율은 잊을 수 가 없다...Cex...', 10]"
829,더 퍼스트 슬램덩크,10,"['더 퍼스트 슬램덩크', '송태섭위주라고 들어서 아쉬웠는데,너무 재밌게 봤어요', 10]"
830,더 퍼스트 슬램덩크,10,"['더 퍼스트 슬램덩크', '저는 이제 13살이 되는데 아빠가 보러가자해서 슬램덩크를 보게되었습니다. 아니 근데 짱재밌는거에요 그래서 티빙으로 애니메이션까지 보고있습니다 지금이라도 늦지 않았어요 얼른 보세요!', 10]"
831,더 퍼스트 슬램덩크,10,"['더 퍼스트 슬램덩크', '감동이 아직도 가시지 않는다.. 서사연출작화 모든게 완벽함', 10]"
832,더 퍼스트 슬램덩크,10,"['더 퍼스트 슬램덩크', '나와 중고등학교를 같이 보낸 북산!다시보는것만으로도 감동이었습니다2023년 시대에 맞는 사운드와 화질1초도 눈을 뗄수없는 긴장감.. 숨멎할뻔 눈물을 참으며 봤습니다 감동 그자체 ', 10]"
833,더 퍼스트 슬램덩크,10,"['더 퍼스트 슬램덩크', '슬램덩크 관심도 없었는데…. 영화보고 그냥…. 너무 감명을 받아버림 ㅠㅜㅜ 미쳤어', 10]"
834,더 퍼스트 슬램덩크,10,"['더 퍼스트 슬램덩크', '알고 있는 이야기라도 충분히 뜨거워진다', 10]"
835,더 퍼스트 슬램덩크,10,"['더 퍼스트 슬램덩크', '어릴때 슬램덩크에서 강백호가 제일 농구를 잘하는줄알았다. 그런데 왜 인정을 못받지? 생각했었는데 크고 나서 다시 보니 . 아..초짜는 초짜구나. 라고 생각이 들면서도 역시나 강백호가 제일 잘하는게 맞는거같다. 운동은 승리를 향한 갈망과 패기거든', 10]"
836,더 퍼스트 슬램덩크,10,"['더 퍼스트 슬램덩크', '슬램덩크 배경지식 없이 봤는데도 재미있었습니다 애니 작화가 이정도로 구현되다니 신기하네요!', 10]"
837,더 퍼스트 슬램덩크,10,"['더 퍼스트 슬램덩크', '잠깐동안 소년시절의 나로…', 10]"
838,더 퍼스트 슬램덩크,10,"['더 퍼스트 슬램덩크', '세컨드도 나오는거죠..', 10]"
839,더 퍼스트 슬램덩크,10,"['더 퍼스트 슬램덩크', '뚫어 송태섭 으로 모든게 설명가능', 10]"
840,더 퍼스트 슬램덩크,10,"['더 퍼스트 슬램덩크', '원작을 아예 모르는 상태에서 봤는데용. 내용이해도 어렵지 않았고 재밌어었용. 원작 만화책도 사고싶네용.', 10]"
841,더 퍼스트 슬램덩크,10,"['더 퍼스트 슬램덩크', '올해 마흔인 아재인데 잊고 살던 내 10대의 모든추억이 고스란히 되살아났다 어릴적 저녁 늦게 까지 땀에 절며 동네코트에서 농구하던 추억 그시절 그친구들 다들 너무 그립다', 10]"
842,더 퍼스트 슬램덩크,10,"['더 퍼스트 슬램덩크', '정말 몇십년 기다리는 보람이 있었어요 ㅠㅠ원작자가 연출과 감독까지 한거라 완전 최고 영화로 되어 있어요!!', 10]"
843,더 퍼스트 슬램덩크,10,"['더 퍼스트 슬램덩크', '그 시절 내가 생각나 울컥했음. 마지막 연출 너무 좋았고 보고 돌아와서도 여운이 많이 남음.', 10]"
844,더 퍼스트 슬램덩크,10,"['더 퍼스트 슬램덩크', '너무 재밌게 봤어요ㅋ 굿', 10]"
845,더 퍼스트 슬램덩크,10,"['더 퍼스트 슬램덩크', '추억.. 2편을 달라!!', 10]"
846,더 퍼스트 슬램덩크,10,"['더 퍼스트 슬램덩크', '알고 보는데도 재미있었다. 만화책이 그대로 움직이는 감동. 다회차를 해도마지막은 항상 긴장하게 된다.', 8]"
847,더 퍼스트 슬램덩크,10,"['더 퍼스트 슬램덩크', '미쳣다 넘재밋다 두번본다', 10]"
848,더 퍼스트 슬램덩크,10,"['더 퍼스트 슬램덩크', '말이 필요 없는 최고의 영화 ㅠㅠ', 10]"
849,더 퍼스트 슬램덩크,10,"['더 퍼스트 슬램덩크', '오늘 여친이랑 재미있게 봤습니다.만화완편까지 다 구독해서 그런지 더 새록새록 옛추억이 생각 나게 하더군요.매우 재미있게 봤고 덕분에 찐한 데이트도 관람후 가질수있어서 정말 좋았습니다.빨간머리에 사나이 그의 라이벌..농구부 주장  고릴라 주장..KFC할비 감독님까지 넘 재미있게 봤습니다.상영 대박나시길 기원합니다.', 10]"
850,더 퍼스트 슬램덩크,10,"['더 퍼스트 슬램덩크', '이노우에 다케히코는 천재다!! 그가 슬램덩크를 연재했을때는 20대였다는데 그럼 지금은 50대인가... 연륜과 함께 쌓인 절륜의 무언가가 아름답다. 상처입은 무언가 상실된 무언가는 기형적일줄 알았는데이렇게 꽉차고 아름다울수도 있구나....', 10]"
851,더 퍼스트 슬램덩크,10,"['더 퍼스트 슬램덩크', '다시 생각해보는 송태섭', 10]"
852,더 퍼스트 슬램덩크,10,"['더 퍼스트 슬램덩크', '아이와 즐거운 시간이였어요~~추억의 만화~ 강백호 !! ', 10]"
853,더 퍼스트 슬램덩크,10,"['더 퍼스트 슬램덩크', '도라버렷누.... 전율 미치따', 10]"
854,더 퍼스트 슬램덩크,10,"['더 퍼스트 슬램덩크', '자꾸만 울컥하는 내가 나이가 들어 유독 감성적이게 된줄 알았다. 주변을 보니 아니었다', 10]"
855,더 퍼스트 슬램덩크,10,"['더 퍼스트 슬램덩크', '농구 마렵게 하네;;;', 6]"
856,더 퍼스트 슬램덩크,10,"['더 퍼스트 슬램덩크', '정말 살아있다면 꼭 한번쯤은 봐야되는 만화라는 것을 또 한번 느끼고 왔습니다. ', 10]"
857,더 퍼스트 슬램덩크,10,"['더 퍼스트 슬램덩크', '다회차 가능 함,,,진짜 재밌게봤습니다', 10]"
858,더 퍼스트 슬램덩크,10,"['더 퍼스트 슬램덩크', '그냥저냥 특별히 잼있지도 재미없지도 않음', 8]"
859,더 퍼스트 슬램덩크,10,"['더 퍼스트 슬램덩크', '오랜만에 가슴이 벅차오른다.', 10]"
860,더 퍼스트 슬램덩크,10,"['더 퍼스트 슬램덩크', '와 진짜 감동 웅장함 혼자 다 해 먹어 ', 10]"
861,더 퍼스트 슬램덩크,10,"['더 퍼스트 슬램덩크', '39년 살면서 처음으로 혼자 영화관에 갔음 슬램덩크보러!!', 10]"
862,더 퍼스트 슬램덩크,10,"['더 퍼스트 슬램덩크', '감동이 강한 영화인데 그중에서 개인적으로 송태섭이 가장 감동적이였다', 10]"
863,더 퍼스트 슬램덩크,10,"['더 퍼스트 슬램덩크', '아빠랑같이 봤는데 아빠랑보면 좋은영화', 10]"
864,더 퍼스트 슬램덩크,10,"['더 퍼스트 슬램덩크', '정말 개호감 도 정말 개 재미없다', 2]"
865,더 퍼스트 슬램덩크,10,"['더 퍼스트 슬램덩크', '레트로 감성. 향수를 적시는 이노우에 타케히코의 찬란한 유산. 굿 !!', 10]"
866,더 퍼스트 슬램덩크,10,"['더 퍼스트 슬램덩크', '혼자 가서보며속으로 울면서봤네요...', 10]"
867,더 퍼스트 슬램덩크,10,"['더 퍼스트 슬램덩크', '나의 첫사랑.. 안경 센빠이...', 10]"
868,더 퍼스트 슬램덩크,10,"['더 퍼스트 슬램덩크', '움직이는 캐릭터들을 보고 울컥했습니다.', 10]"
869,더 퍼스트 슬램덩크,10,"['더 퍼스트 슬램덩크', '후기 먼저 보고 스케치가 어쨌다는거여 했는데 아 보자마자 심장이 벌렁벌렁 .. ', 10]"
870,더 퍼스트 슬램덩크,10,"['더 퍼스트 슬램덩크', '추억을 감동적으로 소비했습니다~ 만화의 감동이 배가 되는 기분좋은 경험이네요~ 플래시백이 조금만 적었음..하지만 후속작이 나왔음 좋겠습니다~', 9]"
871,더 퍼스트 슬램덩크,10,"['더 퍼스트 슬램덩크', '숨이 멎을듯한 마지막 5분!', 10]"
872,더 퍼스트 슬램덩크,10,"['더 퍼스트 슬램덩크', '진짜 인생영화입니다 추억이 떠오르네요', 10]"
873,더 퍼스트 슬램덩크,10,"['더 퍼스트 슬램덩크', '모든 대사, 장면 하나하나 허투루 볼게 없다보면볼수록 더 재밌고 감동적이다 그냥 평생 영화관에서 볼수있었으면 좋겠다는 생각이 들었다', 10]"
874,더 퍼스트 슬램덩크,10,"['더 퍼스트 슬램덩크', '실제 산왕전 경기장에 가 있는 느낌이었다 ', 10]"
875,더 퍼스트 슬램덩크,10,"['더 퍼스트 슬램덩크', '그의 입모양(왼손은 거들 뿐)', 10]"
876,더 퍼스트 슬램덩크,10,"['더 퍼스트 슬램덩크', '청춘이라면, 청춘을 겪은 자라면누구던 환호할 지어다 !!2023년 시작을 최고의 청춘만화 슬램덩크와 함께해서 영광입니다 !!', 10]"
877,더 퍼스트 슬램덩크,10,"['더 퍼스트 슬램덩크', '진짜 가슴이 웅장해지네 처음 걸어나오는거', 10]"
878,더 퍼스트 슬램덩크,10,"['더 퍼스트 슬램덩크', '진짜 가슴이 웅장해지네 처음 걸어나오는거', 10]"
879,더 퍼스트 슬램덩크,10,"['더 퍼스트 슬램덩크', '그 시절 우리가 좋아했던 소년들..', 9]"
880,더 퍼스트 슬램덩크,10,"['더 퍼스트 슬램덩크', '친구따라서 보러갔다가 그날부로 슬램덩크 정주행중..', 10]"
881,더 퍼스트 슬램덩크,10,"['더 퍼스트 슬램덩크', '최근 본 영화 중 최고였습니다.', 10]"
882,더 퍼스트 슬램덩크,10,"['더 퍼스트 슬램덩크', '슬램덩크 원작을 하나도 안 본 사람인데 유튜브에서 영화 관람 전 알고 가야 하는 것들을 정리해 주었기에 그 영상만 보고 영화 관람했습니다. 그것만으로도 충분히 이해 가능하고 몰입할 수 있습니다. 애니메이션임에도 불구하고 속도감이 엄청난 게 실제 농구 경기를 보는 것 같아서 애니메이션에 관심 없는 분, 그리고 원작을 모르시는 분들에게도 정말 추천드리는 작품입니다.', 10]"
883,더 퍼스트 슬램덩크,10,"['더 퍼스트 슬램덩크', '만화책으로만 느꼈던 감동을 영상으로 느낄수 있다.', 8]"
884,더 퍼스트 슬램덩크,10,"['더 퍼스트 슬램덩크', '미초따미초따미초따!!!', 10]"
885,더 퍼스트 슬램덩크,10,"['더 퍼스트 슬램덩크', '최고다. 10점 주려다가 북산엔딩 생각나서 그냥 1점줌.', 1]"
886,더 퍼스트 슬램덩크,10,"['더 퍼스트 슬램덩크', '아빠랑 봤는데 존나 재밌어요 진짜 아빠가 왜 좋아하는지 2시간 만에 납득 완료..', 10]"
887,더 퍼스트 슬램덩크,10,"['더 퍼스트 슬램덩크', '추억과 기억의 차이 누군가에게는 전설', 10]"
888,더 퍼스트 슬램덩크,10,"['더 퍼스트 슬램덩크', '으아아아아악 인생영화 등극ㅎ', 10]"
889,더 퍼스트 슬램덩크,10,"['더 퍼스트 슬램덩크', '그냥 미쳣다 알고있는 내용이지만 감동에 눈물참느라 고생했네', 10]"
890,더 퍼스트 슬램덩크,10,"['더 퍼스트 슬램덩크', '걍 애니라 기대안하고 그 시간에 교섭이랑 슬램덩크있길래 사촌이 슬램덩크 보자해서 봄 정말 재밌었음 후회는 교섭보면 후회할뻔함', 10]"
891,더 퍼스트 슬램덩크,10,"['더 퍼스트 슬램덩크', '배우 진짜 섭외를;; 한국인 배우 그만 씨지 좀', 1]"
892,더 퍼스트 슬램덩크,10,"['더 퍼스트 슬램덩크', '배우 진짜 섭외를;; 한국인 배우 그만 씨지 좀', 1]"
893,더 퍼스트 슬램덩크,10,"['더 퍼스트 슬램덩크', '혼자가서 봤는데 진짜 대단했습니다 ㅎㅎㅎㅎ', 10]"
894,더 퍼스트 슬램덩크,10,"['더 퍼스트 슬램덩크', '진짜존잼. 나 울었다 크크', 10]"
895,더 퍼스트 슬램덩크,10,"['더 퍼스트 슬램덩크', '평점이 높아 기대하고 어제봤지만 기대이하라서 갠적으로 돈주고 보기 아깝더군요', 2]"
896,더 퍼스트 슬램덩크,10,"['더 퍼스트 슬램덩크', '런앤건 전략이 북산농구팀과 슬램덩크의 가장 큰 매력포인트였는데, 이 작품은 뛰어야하는 순간에 자꾸 멈추고 뒤를 돌아보네요. 송태섭의 과거 서사가 슬램덩크의 매력을 줄여서라도 필요했는지 솔직히 모르겠습니다.ㅜ 오프닝은 너무 멋있었습니다.', 6]"
897,더 퍼스트 슬램덩크,10,"['더 퍼스트 슬램덩크', '나도 이제 42살 이구나..너무 반가웠다. 오늘 아내랑 보러갔는데 영화 시작하는데 아내가 이거 혹시 만화냐고 묻더군요. 저는 당황한 얼굴로 맞아라고..', 10]"
898,더 퍼스트 슬램덩크,10,"['더 퍼스트 슬램덩크', 'the second는 누가 주인공일까?', 10]"
899,더 퍼스트 슬램덩크,10,"['더 퍼스트 슬램덩크', '원작 보던 시절의 감정을 리부트.내 속에 아직 뜨거운 게 남아있을까.', 8]"
900,더 퍼스트 슬램덩크,10,"['더 퍼스트 슬램덩크', '명대사 칸 만들어주세요', 10]"
901,더 퍼스트 슬램덩크,10,"['더 퍼스트 슬램덩크', '크 최고 n회차 하십셔 다들', 10]"
902,더 퍼스트 슬램덩크,10,"['더 퍼스트 슬램덩크', '농구 규칙도 모르고 등장인물 이름도 모른채로 갔었는데 너무 재밌게 봤어요ㅋㅋ 또 한번 보고 싶게 만드는 영화입니다', 10]"
903,더 퍼스트 슬램덩크,10,"['더 퍼스트 슬램덩크', '송태섭 서사와 경기 장면이 교차되면서 송태섭의 이때까지의 가슴아픈 사연들을 새롭게 알게 되었고 박진감 넘치는 경기장면을 다시 되새겨볼 수 있어서 너무너무 좋았습니다', 10]"
904,더 퍼스트 슬램덩크,10,"['더 퍼스트 슬램덩크', '추억이 살아나서 너무 좋았다.', 10]"
905,더 퍼스트 슬램덩크,10,"['더 퍼스트 슬램덩크', '어머 이건 꼭 n차람해야해요집에 오는 길에도 닭살이 소소돌고돌아 송태섭나 송씨좋아했네♡', 10]"
906,더 퍼스트 슬램덩크,10,"['더 퍼스트 슬램덩크', '한번 보면 n차는 기본', 10]"
907,더 퍼스트 슬램덩크,10,"['더 퍼스트 슬램덩크', '항상 관심을 바라지만 사실 언제나 주목받던 강백호, 거기에 가려졌던 송태섭의 이야기! 각 캐릭터들 프리퀄로 한편씩 만들어도 될것 같다', 10]"
908,더 퍼스트 슬램덩크,10,"['더 퍼스트 슬램덩크', '솔직히 난 만화책이 더 재밌고 몰입이 더 잘됐다 그냥 애니로.보고싶었던 산왕전을.봤을뿐', 6]"
909,더 퍼스트 슬램덩크,10,"['더 퍼스트 슬램덩크', '내가....내가....슬램덩크를 보고 울어버렸어 ㅠㅠ', 10]"
910,더 퍼스트 슬램덩크,10,"['더 퍼스트 슬램덩크', '뜨거운 코우트를 가우르며어어~~ 느에게 가고이쓰어어어~~', 3]"
911,더 퍼스트 슬램덩크,10,"['더 퍼스트 슬램덩크', 'good good good', 10]"
912,더 퍼스트 슬램덩크,10,"['더 퍼스트 슬램덩크', '뜨거운 가슴은 변하지 않는다.', 9]"
913,더 퍼스트 슬램덩크,10,"['더 퍼스트 슬램덩크', '남자라면 말이 필요없지', 10]"
914,더 퍼스트 슬램덩크,10,"['더 퍼스트 슬램덩크', '예전의 추억을 망치지 않고 그대로 빠져들게 하는 마법', 10]"
915,더 퍼스트 슬램덩크,10,"['더 퍼스트 슬램덩크', '내가 가장 속없고 행복했던 시절의 친구를 다시 만난 기분', 10]"
916,더 퍼스트 슬램덩크,10,"['더 퍼스트 슬램덩크', '영화 끝나자마자 농구 할 사람 찾는 중', 10]"
917,더 퍼스트 슬램덩크,10,"['더 퍼스트 슬램덩크', '저는 일본스타일보다는 한국스타일 슬램덩크 만화를 더 좋아해서 아쉬웠어요ㅜㅜ', 2]"
918,더 퍼스트 슬램덩크,10,"['더 퍼스트 슬램덩크', '이번 더 퍼스트 슬램덩크는 송태섭의 스토리로 잘 시작하는 것 같습니다명작이네요', 9]"
919,더 퍼스트 슬램덩크,10,"['더 퍼스트 슬램덩크', '우리가 원하는 &amp;#39;실사&amp;#39;의 방향', 10]"
920,더 퍼스트 슬램덩크,10,"['더 퍼스트 슬램덩크', '더퍼슬 때문에 만화책을 구입해서 다시 읽어보았다.고등학생시절 한권 한권 사 모았던 오리지널이 있었기에 이번에는 신장판을 구입했다.질 좋은 종이의 새 책을 한장씩 넘길때마다 수업시간에 몰래 돌려보던 추억이 새록 새록 떠올랐다.그리고 엄청난것을 느끼고 말았다.고딩때는 강백호라는 캐릭터가 성장해 나가고 각각의 팀원들과 함께 강팀들을 상대로 승리해 나가는 것에 감동하며 읽었는데 내일모레 50을 앞둔 아저씨의 관점으로 책을읽다보니 강백호라는 캐릭터는 엄청난 민폐 캐릭터가 아닐 수 없다.오로지 자기위주로 생각하고, 자기만 돋보이길 바라며 자기가 원하는결과를 얻기위해 팀을 위험에 빠뜨린다.만일 이런 사람이 회사나 가족중에 있다면? 엄청난 트러블이 매일 일어날것 같다.만화라서, 주인공이라서 고딩시절 나는 강백호는 멋있다!. 라는 너무 큰 착각을 했던것이다.팀의 승리를 위해 플레이를 하는것이 아닌 오로지 소연에게 잘보이기 위한 멋있는 슬램덩크를 할 생각뿐인 강백호는 서태웅에게는 절대 패스하지 않고, 자신은 천재라는 터무니없는 자신감으로 해서는 안되는 플레이를 마구 해 대며 팀의 위기를 수없이 자초한다.정말이지 만화이기에 주인공이기에 용서할 수밖에 없는 캐릭터인것이다.만일 회사에 강백호같은 직원이 있다면? 같이 일하는 직원들은 아마 미치지 않을까? 라는 생각이 머리속에서 떠나질 않았다.그래서일까 다른 사람들의 생각이 궁금해지기 시작했다.200만 관객을 돌파했다는 기사도 오고 회사에서도 심심치않게 슬램덩크가 대화의 화잿거리가 되기 시작하자 점심식사후에 만화책을 본 직원들에게 강백호에 대해 내 생각을 슬쩍 던져보았다. 반응은 예상외로 [강백호같은 사람과는 절대로 같이 일 할 수없다!.] 였다. 어려서 그런 생각을 해 보았거나, 당장에 내 얘기를 듣고 생각해보았거나 결과는 같았다.만화니까 재미있는거지 현실에서는 절대적인 민폐라는것! 그러면서 어느 부서에 아무개가 강백호와 비슷하다느니 하는 얘기도 나왔다.각설하고 2023년에 다시만난 강백호는 민폐다.', 8]"
921,더 퍼스트 슬램덩크,10,"['더 퍼스트 슬램덩크', '내가 예전에 만화 티비 비디오테잎 여러번 봤다 그러면 보세요 잼나요 아쉬운건 강백호 목소리 더빙이 좀 어색해', 10]"
